Collected by,Sorted by,Weighed by,Date,Year,Site,Block,Paddock,Drought,Grazing,PlotID,Clip strip,C3P(g),C3P(g),same?,C4P(g),C4P(g),same?,Forb(g),Forb(g),same?,Standing Dead(g),Standing Dead(g),same?,Vulpia(g),Vulpia(g),same?,Bromus(g),Bromus(g),same?,GUSA(g),GUSA(g),same?,ARFR(g),ARFR(g),same?,Litter(g),Litter(g),same?,Cover of cactus,Cover of cactus,same?,#OPPO cladodes,#OPPO cladodes,same?,cover of artr,cover of artr,same?,Notes,Clip dimensions,Area clipped (m2),,C3P(g/m2),C4P(g/m2),Forb(g/m2),StandingDead(g/m2),AnnualGrass(g/m2),Vulpia(g/m2),Bromus(g/m2),GUSA(g/m2),Litter(g/m2),C3P(kg/ha),C4P(kg/ha),Forb(kg/ha),StandingDead(kg/ha),AnnualGrass(kg/ha),Vulpia(kg/ha),Bromus(kg/ha),GUSA(g/m2),Litter(kg/ha),cover of arfr,REWEIGH
"Jill, Carley, Joseph, Spencer, Julia, Claire",Jill,Jill,"July, 2019",2019,TB,1,2,75,HHMMM,1,1,0.5,0.5,T,0,0,T,2,2,T,1.45,1.45,T,0.03,0.03,T,5.26,5.26,T,0,0,T,,,T,-1,-1,T,,,T,1,1,T,,,T,Some confusion in 2019 about clipping litter vs standing dead. Standing dead seems to be the only thing that was collected. ,10x50cm,0.05,,10,0,40,29,#REF!,0.6,105.2,0,-20,100,0,400,290,#REF!,6,1052,0,-200,,Bromus 5.26
"Jill, Carley, Joseph, Spencer, Julia, Claire",Jill,Jill,"July, 2019",2019,TB,1,2,75,HHMMM,1,2,2.45,2.45,T,0.13,0.13,T,1,1,T,5.3,5.3,T,0.18,0.18,T,7.6,7.6,T,0,0,T,,,T,-1,-1,T,,,T,4,4,T,,,T,,10x50cm,0.05,,49,2.6,20,106,#REF!,3.6,152,0,-20,490,26,200,1060,#REF!,36,1520,0,-200,,"Vulpia 0.17, Bromus 7.57, Litter 5.34"
"Jill, Carley, Joseph, Spencer, Julia, Claire",Jill,Jill,"July, 2019",2019,TB,1,2,99,HHMMM,2,1,2.25,2.25,T,0,0,T,2.9,2.9,T,1.7,1.7,T,0.11,0.11,T,0.2,0.2,T,0,0,T,,,T,-1,-1,T,,,T,1,1,T,,,T,,10x50cm,0.05,,45,0,58,34,#REF!,2.2,4,0,-20,450,0,580,340,#REF!,22,40,0,-200,,Forb 2.93
"Jill, Carley, Joseph, Spencer, Julia, Claire",Jill,Jill,"July, 2019",2019,TB,1,2,99,HHMMM,2,2,6,6,T,0,0,T,1.9,1.9,T,1.6,1.6,T,0.04,0.04,T,0.1,0.1,T,0,0,T,,,T,-1,-1,T,,,T,5,5,T,,,T,,10x50cm,0.05,,120,0,38,32,#REF!,0.8,2,0,-20,1200,0,380,320,#REF!,8,20,0,-200,,
"Jill, Carley, Joseph, Spencer, Julia, Claire",Jill,Jill,"July, 2019",2019,TB,1,2,1,HHMMM,3,1,0.85,0.85,T,1.8,1.8,T,0.55,0.55,T,0.7,0.7,T,0.31,0.31,T,0.08,0.08,T,0,0,T,,,T,-1,-1,T,,,T,0,,T,,,T,,10x50cm,0.05,,17,36,11,14,#REF!,6.2,1.6,0,-20,170,360,110,140,#REF!,62,16,0,-200,,Vulpia 0.30
"Jill, Carley, Joseph, Spencer, Julia, Claire",Jill,Jill,"July, 2019",2019,TB,1,2,1,HHMMM,3,2,0.12,0.12,T,0.23,0.23,T,0.95,0.95,T,0.3,0.3,T,0.18,0.18,T,0.01,0.01,T,0,0,T,,,T,-1,-1,T,,,T,0,,T,,,T,,10x50cm,0.05,,2.4,4.6,19,6,#REF!,3.6,0.2,0,-20,24,46,190,60,#REF!,36,2,0,-200,,Vulpia 0.16
"Jill, Carley, Joseph, Spencer, Julia, Claire",Jill,Jill,"July, 2019",2019,TB,1,2,2,HHMMM,4,1,0.65,0.65,T,0.06,0.06,T,3.35,3.35,T,0.5,0.5,T,0.03,0.03,T,1.6,1.6,T,0,0,T,,,T,-1,-1,T,,,T,0,,T,,,T,,10x50cm,0.05,,13,1.2,67,10,#REF!,0.6,32,0,-20,130,12,670,100,#REF!,6,320,0,-200,,Forb 3.39
"Jill, Carley, Joseph, Spencer, Julia, Claire",Jill,Jill,"July, 2019",2019,TB,1,2,2,HHMMM,4,2,0.25,0.25,T,0.08,0.08,T,3.2,3.2,T,0.45,0.45,T,0.18,0.18,T,2.25,2.25,T,0,0,T,,,T,-1,-1,T,,,T,0,,T,,,T,,10x50cm,0.05,,5,1.6,64,9,#REF!,3.6,45,0,-20,50,16,640,90,#REF!,36,450,0,-200,,"Forb 3.22, Vulpia 0.16"
"Jill, Carley, Joseph, Spencer, Julia, Claire",Jill,Jill,"July, 2019",2019,TB,1,2,50,HHMMM,5,1,1,1,T,0.15,0.15,T,1.05,1.05,T,1.1,1.1,T,0.34,0.34,T,3.9,3.9,T,0,0,T,,,T,-1,-1,T,,,T,0,,T,,,T,,10x50cm,0.05,,20,3,21,22,#REF!,6.8,78,0,-20,200,30,210,220,#REF!,68,780,0,-200,,"Vulpia 0.35, Bromus 3.88"
"Jill, Carley, Joseph, Spencer, Julia, Claire",Jill,Jill,"July, 2019",2019,TB,1,2,50,HHMMM,5,2,3.85,3.85,T,0,0,T,0.65,0.65,T,1.05,1.05,T,0.16,0.16,T,2.85,2.85,T,0,0,T,,,T,-1,-1,T,15,15,T,5,5,T,,,T,,10x50cm,0.05,,77,0,13,21,#REF!,3.2,57,0,-20,770,0,130,210,#REF!,32,570,0,-200,,"vulipa 0.19, Bromus 2.85"
"Jill, Carley, Joseph, Spencer, Julia, Claire",Jill,Jill,"July, 2019",2019,TB,1,2,25,HHMMM,6,1,1.9,1.9,T,0,0,T,1.3,1.3,T,2.75,2.75,T,0.23,0.23,T,2.65,2.65,T,0,0,T,,,T,-1,-1,T,,,T,0,,T,,,T,,10x50cm,0.05,,38,0,26,55,#REF!,4.6,53,0,-20,380,0,260,550,#REF!,46,530,0,-200,50,"Vulpia 0.27, Bromus 2.67"
"Jill, Carley, Joseph, Spencer, Julia, Claire",Jill,Jill,"July, 2019",2019,TB,1,2,25,HHMMM,6,2,0.8,0.8,T,0.05,0.05,T,1.45,1.45,T,2.05,2.05,T,0.23,0.23,T,0.4,0.4,T,0,0,T,,,T,-1,-1,T,,,T,0,,T,,,T,,10x50cm,0.05,,16,1,29,41,#REF!,4.6,8,0,-20,160,10,290,410,#REF!,46,80,0,-200,50,Vulpia 0.26
"Jill, Carley, Joseph, Spencer, Julia, Claire",Jill,Jill,"July, 2019",2019,TB,1,3,2,MLLMM,7,1,0.4,0.4,T,1.6,1.6,T,0.4,0.4,T,1.65,1.65,T,0.06,0.06,T,2.8,2.8,T,0,0,T,,,T,-1,-1,T,,,T,0,,T,,,T,,10x50cm,0.05,,8,32,8,33,#REF!,1.2,56,0,-20,80,320,80,330,#REF!,12,560,0,-200,,Bromus 2.85
"Jill, Carley, Joseph, Spencer, Julia, Claire",Jill,Jill,"July, 2019",2019,TB,1,3,2,MLLMM,7,2,1,1,T,1.45,1.45,T,0.2,0.2,T,1.2,1.2,T,0.1,0.1,T,3.8,3.8,T,0,0,T,,,T,-1,-1,T,,,T,0,,T,,,T,,10x50cm,0.05,,20,29,4,24,#REF!,2,76,0,-20,200,290,40,240,#REF!,20,760,0,-200,,"Bvulpia 0.13, Bromus 3.85"
"Jill, Carley, Joseph, Spencer, Julia, Claire",Jill,Jill,"July, 2019",2019,TB,1,3,75,MLLMM,8,1,3.15,3.15,T,2.8,2.8,T,0.35,0.35,T,1.55,1.55,T,0.02,0.02,T,0.06,0.06,T,0,0,T,,,T,-1,-1,T,,,T,0,,T,,,T,,10x50cm,0.05,,63,56,7,31,#REF!,0.4,1.2,0,-20,630,560,70,310,#REF!,4,12,0,-200,,
"Jill, Carley, Joseph, Spencer, Julia, Claire",Jill,Jill,"July, 2019",2019,TB,1,3,75,MLLMM,8,2,0.25,0.25,T,1.55,1.55,T,0.4,0.4,T,0.5,0.5,T,0.06,0.06,T,0.05,0.05,T,0,0,T,,,T,-1,-1,T,,,T,0,,T,,,T,,10x50cm,0.05,,5,31,8,10,#REF!,1.2,1,0,-20,50,310,80,100,#REF!,12,10,0,-200,,
"Jill, Carley, Joseph, Spencer, Julia, Claire",Jill,Jill,"July, 2019",2019,TB,1,3,1,MLLMM,9,1,0.55,0.55,T,2.95,2.95,T,0.95,0.95,T,1.05,1.05,T,0.05,0.05,T,0.03,0.03,T,0,0,T,,,T,-1,-1,T,,,T,0,,T,,,T,,10x50cm,0.05,,11,59,19,21,#REF!,1,0.6,0,-20,110,590,190,210,#REF!,10,6,0,-200,1,
"Jill, Carley, Joseph, Spencer, Julia, Claire",Jill,Jill,"July, 2019",2019,TB,1,3,1,MLLMM,9,2,3.5,3.5,T,2.75,2.75,T,1.2,1.2,T,1.6,1.6,T,0.02,0.02,T,0.01,0.01,T,0,0,T,,,T,-1,-1,T,,,T,0,,T,,,T,,10x50cm,0.05,,70,55,24,32,#REF!,0.4,0.2,0,-20,700,550,240,320,#REF!,4,2,0,-200,,
"Jill, Carley, Joseph, Spencer, Julia, Claire",Jill,Jill,"July, 2019",2019,TB,1,3,99,MLLMM,10,1,3.4,3.4,T,1.25,1.25,T,0.35,0.35,T,1.7,1.7,T,0,0,T,0.17,0.17,T,0,0,T,,,T,-1,-1,T,,,T,0,,T,,,T,,10x50cm,0.05,,68,25,7,34,#REF!,0,3.4,0,-20,680,250,70,340,#REF!,0,34,0,-200,,
"Jill, Carley, Joseph, Spencer, Julia, Claire",Jill,Jill,"July, 2019",2019,TB,1,3,99,MLLMM,10,2,2.9,2.9,T,0.6,0.6,T,0.35,0.35,T,1.9,1.9,T,0.01,0.01,T,0.02,0.02,T,0,0,T,,,T,-1,-1,T,,,T,0,,T,,,T,,10x50cm,0.05,,58,12,7,38,#REF!,0.2,0.4,0,-20,580,120,70,380,#REF!,2,4,0,-200,,
"Jill, Carley, Joseph, Spencer, Julia, Claire",Jill,Jill,"July, 2019",2019,TB,1,3,50,MLLMM,11,1,4.85,4.85,T,1.65,1.65,T,0.2,0.2,T,0.7,0.7,T,0.03,0.03,T,0.8,0.8,T,0,0,T,,,T,-1,-1,T,,,T,0,,T,,,T,,10x50cm,0.05,,97,33,4,14,#REF!,0.6,16,0,-20,970,330,40,140,#REF!,6,160,0,-200,,
"Jill, Carley, Joseph, Spencer, Julia, Claire",Jill,Jill,"July, 2019",2019,TB,1,3,50,MLLMM,11,2,5.6,5.6,T,1.4,1.4,T,0.45,0.45,T,1.45,1.45,T,0.12,0.12,T,1.1,1.1,T,0,0,T,,,T,-1,-1,T,,,T,0,,T,,,T,,10x50cm,0.05,,112,28,9,29,#REF!,2.4,22,0,-20,1120,280,90,290,#REF!,24,220,0,-200,,
"Jill, Carley, Joseph, Spencer, Julia, Claire",Jill,Jill,"July, 2019",2019,TB,1,3,25,MLLMM,12,1,4.2,4.2,T,1.1,1.1,T,1.55,1.55,T,0.8,0.8,T,0.02,0.02,T,0.05,0.05,T,0,0,T,,,T,-1,-1,T,,,T,0,,T,,,T,,10x50cm,0.05,,84,22,31,16,#REF!,0.4,1,0,-20,840,220,310,160,#REF!,4,10,0,-200,10,
"Jill, Carley, Joseph, Spencer, Julia, Claire",Jill,Jill,"July, 2019",2019,TB,1,3,25,MLLMM,12,2,3.35,3.35,T,0.6,0.6,T,1.95,1.95,T,0.55,0.55,T,0,0,T,0.2,0.2,T,0,0,T,,,T,-1,-1,T,,,T,0,,T,,,T,,10x50cm,0.05,,67,12,39,11,#REF!,0,4,0,-20,670,120,390,110,#REF!,0,40,0,-200,,
"Jill, Carley, Joseph, Spencer, Julia, Claire",Jill,Jill,"July, 2019",2019,TB,1,1,50,MMMMM,13,1,5.6,5.6,T,0,0,T,1.25,1.25,T,3.7,3.7,T,0,0,T,1.6,1.6,T,0,0,T,,,T,-1,-1,T,,,T,0,,T,,,T,,10x50cm,0.05,,112,0,25,74,#REF!,0,32,0,-20,1120,0,250,740,#REF!,0,320,0,-200,,Litter 3.67
"Jill, Carley, Joseph, Spencer, Julia, Claire",Jill,Jill,"July, 2019",2019,TB,1,1,50,MMMMM,13,2,2.35,2.35,T,0,0,T,0.65,0.65,T,3.6,3.6,T,0,0,T,0.9,0.9,T,0,0,T,,,T,-1,-1,T,,,T,0,,T,,,T,,10x50cm,0.05,,47,0,13,72,#REF!,0,18,0,-20,470,0,130,720,#REF!,0,180,0,-200,,Litter 3.53
"Jill, Carley, Joseph, Spencer, Julia, Claire",Jill,Jill,"July, 2019",2019,TB,1,1,75,MMMMM,14,2,1.85,1.85,T,0,0,T,1.45,1.45,T,0.6,0.6,T,0.06,0.06,T,3.05,3.05,T,0,0,T,,,T,-1,-1,T,,,T,0,,T,,,T,,10x50cm,0.05,,37,0,29,12,#REF!,1.2,61,0,-20,370,0,290,120,#REF!,12,610,0,-200,,Bromus 2.40
"Jill, Carley, Joseph, Spencer, Julia, Claire",Jill,Jill,"July, 2019",2019,TB,1,1,75,MMMMM,14,1,3.85,3.85,T,0,0,T,0.2,0.2,T,0.4,0.4,T,0,0,T,2.4,2.4,T,0,0,T,,,T,-1,-1,T,,,T,0,,T,10,10,T,,10x50cm,0.05,,77,0,4,8,#REF!,0,48,0,-20,770,0,40,80,#REF!,0,480,0,-200,,Bromus 3.05
"Jill, Carley, Joseph, Spencer, Julia, Claire",Jill,Jill,"July, 2019",2019,TB,1,1,2,MMMMM,15,1,2.2,2.2,T,0,0,T,0.7,0.7,T,4.5,4.5,T,0,0,T,4.35,4.35,T,0,0,T,,,T,-1,-1,T,,,T,0,,T,,,T,,10x50cm,0.05,,44,0,14,90,#REF!,0,87,0,-20,440,0,140,900,#REF!,0,870,0,-200,,"Bromus 4.43, Litter 4.57"
"Jill, Carley, Joseph, Spencer, Julia, Claire",Jill,Jill,"July, 2019",2019,TB,1,1,2,MMMMM,15,2,2.3,2.3,T,0,0,T,0.95,0.95,T,1.15,1.15,T,0,0,T,4.4,4.4,T,0,0,T,,,T,-1,-1,T,,,T,0,,T,,,T,,10x50cm,0.05,,46,0,19,23,#REF!,0,88,0,-20,460,0,190,230,#REF!,0,880,0,-200,,Bromus 4.55
"Jill, Carley, Joseph, Spencer, Julia, Claire",Jill,Jill,"July, 2019",2019,TB,1,1,25,MMMMM,16,1,1.35,1.35,T,0.3,0.3,T,1.6,1.6,T,1.15,1.15,T,0.16,0.16,T,5,5,T,0,0,T,,,T,-1,-1,T,,,T,0,,T,,,T,,10x50cm,0.05,,27,6,32,23,#REF!,3.2,100,0,-20,270,60,320,230,#REF!,32,1000,0,-200,,"Vulpia 0.13, Bromus 5.03"
"Jill, Carley, Joseph, Spencer, Julia, Claire",Jill,Jill,"July, 2019",2019,TB,1,1,25,MMMMM,16,2,1.95,1.95,T,0.35,0.35,T,0.45,0.45,T,1.1,1.1,T,0.07,0.07,T,4.6,4.6,T,0,0,T,,,T,-1,-1,T,,,T,0,,T,,,T,,10x50cm,0.05,,39,7,9,22,#REF!,1.4,92,0,-20,390,70,90,220,#REF!,14,920,0,-200,,Bromus 4.48
"Jill, Carley, Joseph, Spencer, Julia, Claire",Jill,Jill,"July, 2019",2019,TB,1,1,1,MMMMM,17,1,2.05,2.05,T,0,0,T,1.25,1.25,T,0.2,0.2,T,0,0,T,3.2,3.2,T,0,0,T,,,T,-1,-1,T,,,T,10,10,T,,,T,,10x50cm,0.05,,41,0,25,4,#REF!,0,64,0,-20,410,0,250,40,#REF!,0,640,0,-200,,Bromus 3.18
"Jill, Carley, Joseph, Spencer, Julia, Claire",Jill,Jill,"July, 2019",2019,TB,1,1,1,MMMMM,17,2,8.05,8.05,T,0,0,T,0.03,0.03,T,1.75,1.75,T,0,0,T,5.4,5.4,T,0,0,T,,,T,-1,-1,T,,,T,4,4,T,8,8,T,"Bag says ""NR"" with a big circle around it. JB does not know what that means. ",10x50cm,0.05,,161,0,0.6,35,#REF!,0,108,0,-20,1610,0,6,350,#REF!,0,1080,0,-200,,Bromus 5.44
"Jill, Carley, Joseph, Spencer, Julia, Claire",Jill,Jill,"July, 2019",2019,TB,1,1,99,MMMMM,18,1,4.7,4.7,T,0,0,T,0.3,0.3,T,0.5,0.5,T,0,0,T,0.3,0.3,T,0,0,T,,,T,-1,-1,T,,,T,1,1,T,0,,T,,10x50cm,0.05,,94,0,6,10,#REF!,0,6,0,-20,940,0,60,100,#REF!,0,60,0,-200,,
"Jill, Carley, Joseph, Spencer, Julia, Claire",Jill,Jill,"July, 2019",2019,TB,1,1,99,MMMMM,18,2,5.65,5.65,T,0.5,0.5,T,0.45,0.45,T,1.45,1.45,T,0.01,0.01,T,0.35,0.35,T,0,0,T,,,T,-1,-1,T,,,T,0,,T,0,,T,,10x50cm,0.05,,113,10,9,29,#REF!,0.2,7,0,-20,1130,100,90,290,#REF!,2,70,0,-200,,
"Jill, Carley, Joseph, Spencer, Julia, Claire",Jill,Jill,"July, 2019",2019,TB,2,2,50,HHMMM,19,1,1.95,1.95,T,1,1,T,0.25,0.25,T,0.75,0.75,T,0.01,0.01,T,0.01,0.01,T,0,0,T,,,T,-1,-1,T,,,T,0,,T,0,,T,,10x50cm,0.05,,39,20,5,15,#REF!,0.2,0.2,0,-20,390,200,50,150,#REF!,2,2,0,-200,,
"Jill, Carley, Joseph, Spencer, Julia, Claire",Jill,Jill,"July, 2019",2019,TB,2,2,50,HHMMM,19,2,1,1,T,1.15,1.15,T,0.15,0.15,T,0.55,0.55,T,0.02,0.02,T,0,0,T,0,0,T,,,T,-1,-1,T,,,T,0,,T,0,,T,,10x50cm,0.05,,20,23,3,11,#REF!,0.4,0,0,-20,200,230,30,110,#REF!,4,0,0,-200,,
"Jill, Carley, Joseph, Spencer, Julia, Claire",Jill,Jill,"July, 2019",2019,TB,2,2,2,HHMMM,20,1,2.9,2.9,T,0.85,0.85,T,1.95,1.95,T,0.9,0.9,T,0.03,0.03,T,0.21,0.21,T,0,0,T,,,T,-1,-1,T,,,T,0,,T,0,,T,,10x50cm,0.05,,58,17,39,18,#REF!,0.6,4.2,0,-20,580,170,390,180,#REF!,6,42,0,-200,,
"Jill, Carley, Joseph, Spencer, Julia, Claire",Jill,Jill,"July, 2019",2019,TB,2,2,2,HHMMM,20,2,3.2,3.2,T,0.3,0.3,T,2.5,2.5,T,2.05,2.05,T,0.07,0.07,T,0.25,0.25,T,0,0,T,,,T,-1,-1,T,,,T,0,,T,0,,T,,10x50cm,0.05,,64,6,50,41,#REF!,1.4,5,0,-20,640,60,500,410,#REF!,14,50,0,-200,,
"Jill, Carley, Joseph, Spencer, Julia, Claire",Jill,Jill,"July, 2019",2019,TB,2,2,99,HHMMM,21,1,1.5,1.5,T,0,0,T,0.55,0.55,T,0.06,0.06,T,0,0,T,0,0,T,0,0,T,,,T,-1,-1,T,,,T,0,,T,0,,T,,10x50cm,0.05,,30,0,11,1.2,#REF!,0,0,0,-20,300,0,110,12,#REF!,0,0,0,-200,0.5,
"Jill, Carley, Joseph, Spencer, Julia, Claire",Jill,Jill,"July, 2019",2019,TB,2,2,99,HHMMM,21,2,1.1,1.1,T,0.4,0.4,T,1.6,1.6,T,0.55,0.55,T,0,0,T,0,0,T,0.15,0.15,T,,,T,-1,-1,T,,,T,0,,T,0,,T,,10x50cm,0.05,,22,8,32,11,#REF!,0,0,3,-20,220,80,320,110,#REF!,0,0,30,-200,,
"Jill, Carley, Joseph, Spencer, Julia, Claire",Jill,Jill,"July, 2019",2019,TB,2,2,75,HHMMM,22,1,0.2,0.2,T,0.95,0.95,T,0.55,0.55,T,0.15,0.15,T,0.05,0.05,T,0,0,T,0,0,T,,,T,-1,-1,T,,,T,0,,T,0,,T,,10x50cm,0.05,,4,19,11,3,#REF!,1,0,0,-20,40,190,110,30,#REF!,10,0,0,-200,,
"Jill, Carley, Joseph, Spencer, Julia, Claire",Jill,Jill,"July, 2019",2019,TB,2,2,75,HHMMM,22,2,0.65,0.65,T,1.5,1.5,T,0.15,0.15,T,0.45,0.45,T,0.02,0.02,T,0,0,T,0,0,T,,,T,-1,-1,T,,,T,0,,T,0,,T,,10x50cm,0.05,,13,30,3,9,#REF!,0.4,0,0,-20,130,300,30,90,#REF!,4,0,0,-200,,
"Jill, Carley, Joseph, Spencer, Julia, Claire",Jill,Jill,"July, 2019",2019,TB,2,2,1,HHMMM,23,1,1.8,1.8,T,0.2,0.2,T,0.75,0.75,T,0.02,0.02,T,0,0,T,0,0,T,0.25,0.25,T,,,T,-1,-1,T,,,T,0,,T,0,,T,,10x50cm,0.05,,36,4,15,0.4,#REF!,0,0,5,-20,360,40,150,4,#REF!,0,0,50,-200,,
"Jill, Carley, Joseph, Spencer, Julia, Claire",Jill,Jill,"July, 2019",2019,TB,2,2,1,HHMMM,23,2,2.6,2.6,T,0.8,0.8,T,0.3,0.3,T,0.15,0.15,T,0,0,T,0,0,T,0,0,T,,,T,-1,-1,T,,,T,0,,T,0,,T,,10x50cm,0.05,,52,16,6,3,#REF!,0,0,0,-20,520,160,60,30,#REF!,0,0,0,-200,,
"Jill, Carley, Joseph, Spencer, Julia, Claire",Jill,Jill,"July, 2019",2019,TB,2,2,25,HHMMM,24,1,0.6,0.6,T,1.2,1.2,T,0.55,0.55,T,0.9,0.9,T,0,0,T,0,0,T,0,0,T,,,T,-1,-1,T,,,T,0,,T,0,,T,,10x50cm,0.05,,12,24,11,18,#REF!,0,0,0,-20,120,240,110,180,#REF!,0,0,0,-200,,
"Jill, Carley, Joseph, Spencer, Julia, Claire",Jill,Jill,"July, 2019",2019,TB,2,2,25,HHMMM,24,2,3.5,3.5,T,0.34,0.34,T,0.9,0.9,T,0.55,0.55,T,0.03,0.03,T,0,0,T,0,0,T,,,T,-1,-1,T,,,T,0,,T,0,,T,,10x50cm,0.05,,70,6.8,18,11,#REF!,0.6,0,0,-20,700,68,180,110,#REF!,6,0,0,-200,,
"Jill, Carley, Joseph, Spencer, Julia, Claire",Jill,Jill,"July, 2019",2019,TB,2,1,1,MMMMM,25,1,1.05,1.05,T,0.6,0.6,T,0.3,0.3,T,0.3,0.3,T,0.05,0.05,T,0.02,0.02,T,0,0,T,,,T,-1,-1,T,,,T,0,,T,0,,T,,10x50cm,0.05,,21,12,6,6,#REF!,1,0.4,0,-20,210,120,60,60,#REF!,10,4,0,-200,,
"Jill, Carley, Joseph, Spencer, Julia, Claire",Jill,Jill,"July, 2019",2019,TB,2,1,1,MMMMM,25,2,1.75,1.75,T,0.65,0.65,T,0.05,0.05,T,0.4,0.4,T,0.03,0.03,T,0,0,T,0,0,T,,,T,-1,-1,T,,,T,0,,T,0,,T,,10x50cm,0.05,,35,13,1,8,#REF!,0.6,0,0,-20,350,130,10,80,#REF!,6,0,0,-200,,
"Jill, Carley, Joseph, Spencer, Julia, Claire",Jill,Jill,"July, 2019",2019,TB,2,1,75,MMMMM,26,1,1.25,1.25,T,1,1,T,0.25,0.25,T,0.65,0.65,T,0.04,0.04,T,0,0,T,0,0,T,,,T,-1,-1,T,,,T,0,,T,0,,T,,10x50cm,0.05,,25,20,5,13,#REF!,0.8,0,0,-20,250,200,50,130,#REF!,8,0,0,-200,1,
"Jill, Carley, Joseph, Spencer, Julia, Claire",Jill,Jill,"July, 2019",2019,TB,2,1,75,MMMMM,26,2,1.8,1.8,T,1.25,1.25,T,0.65,0.65,T,0.8,0.8,T,0.05,0.05,T,0.03,0.03,T,0,0,T,,,T,-1,-1,T,,,T,0,,T,0,,T,,10x50cm,0.05,,36,25,13,16,#REF!,1,0.6,0,-20,360,250,130,160,#REF!,10,6,0,-200,10,
"Jill, Carley, Joseph, Spencer, Julia, Claire",Jill,Jill,"July, 2019",2019,TB,2,1,50,MMMMM,27,1,1.15,1.15,T,1.85,1.85,T,0.85,0.85,T,0.55,0.55,T,0.01,0.01,T,0,0,T,0,0,T,,,T,-1,-1,T,,,T,0,,T,0,,T,,10x50cm,0.05,,23,37,17,11,#REF!,0.2,0,0,-20,230,370,170,110,#REF!,2,0,0,-200,12,
"Jill, Carley, Joseph, Spencer, Julia, Claire",Jill,Jill,"July, 2019",2019,TB,2,1,50,MMMMM,27,2,0.7,0.7,T,1.45,1.45,T,0.25,0.25,T,0.6,0.6,T,0.09,0.09,T,0.01,0.01,T,0,0,T,,,T,-1,-1,T,,,T,0,,T,0,,T,,10x50cm,0.05,,14,29,5,12,#REF!,1.8,0.2,0,-20,140,290,50,120,#REF!,18,2,0,-200,13,
"Jill, Carley, Joseph, Spencer, Julia, Claire",Jill,Jill,"July, 2019",2019,TB,2,1,99,MMMMM,28,1,2.2,2.2,T,1.5,1.5,T,10.35,10.35,T,1.55,1.55,T,0.01,0.01,T,0,0,T,0,0,T,,,T,-1,-1,T,,,T,0,,T,0,,T,partially clipped without gloves,10x50cm,0.05,,44,30,207,31,#REF!,0.2,0,0,-20,440,300,2070,310,#REF!,2,0,0,-200,,
"Jill, Carley, Joseph, Spencer, Julia, Claire",Jill,Jill,"July, 2019",2019,TB,2,1,99,MMMMM,28,2,1.95,1.95,T,1.4,1.4,T,28.5,28.5,T,0.7,0.7,T,0.05,0.05,T,0,0,T,0,0,T,,,T,-1,-1,T,,,T,0,,T,0,,T,Big fabaceae with purple flowers in strips 1 and 2,10x50cm,0.05,,39,28,570,14,#REF!,1,0,0,-20,390,280,5700,140,#REF!,10,0,0,-200,15,
"Jill, Carley, Joseph, Spencer, Julia, Claire",Jill,Jill,"July, 2019",2019,TB,2,1,2,MMMMM,29,1,4.1,4.1,T,0.45,0.45,T,2.4,2.4,T,2.7,2.7,T,0.01,0.01,T,0.06,0.06,T,0,0,T,,,T,-1,-1,T,,,T,0,,T,0,,T,,10x50cm,0.05,,82,9,48,54,#REF!,0.2,1.2,0,-20,820,90,480,540,#REF!,2,12,0,-200,1,
"Jill, Carley, Joseph, Spencer, Julia, Claire",Jill,Jill,"July, 2019",2019,TB,2,1,2,MMMMM,29,2,1.8,1.8,T,0.65,0.65,T,2.95,2.95,T,2.35,2.35,T,0.05,0.05,T,0.03,0.03,T,0,0,T,,,T,-1,-1,T,,,T,0,,T,0,,T,,10x50cm,0.05,,36,13,59,47,#REF!,1,0.6,0,-20,360,130,590,470,#REF!,10,6,0,-200,,
"Jill, Carley, Joseph, Spencer, Julia, Claire",Jill,Jill,"July, 2019",2019,TB,2,1,25,MMMMM,30,1,0.8,0.8,T,3.15,3.15,T,0.55,0.55,T,1.25,1.25,T,0.12,0.12,T,0.02,0.02,T,0,0,T,,,T,-1,-1,T,,,T,0,,T,0,,T,,10x50cm,0.05,,16,63,11,25,#REF!,2.4,0.4,0,-20,160,630,110,250,#REF!,24,4,0,-200,0.5,
"Jill, Carley, Joseph, Spencer, Julia, Claire",Jill,Jill,"July, 2019",2019,TB,2,1,25,MMMMM,30,2,0.7,0.7,T,3.6,3.6,T,2.4,2.4,T,1.05,1.05,T,0.39,0.39,T,0.05,0.05,T,0,0,T,,,T,-1,-1,T,,,T,0,,T,0,,T,,10x50cm,0.05,,14,72,48,21,#REF!,7.8,1,0,-20,140,720,480,210,#REF!,78,10,0,-200,0.5,
"Jill, Carley, Joseph, Spencer, Julia, Claire",Jill,Jill,"July, 2019",2019,TB,2,3,99,MLLMM,31,1,2.75,2.75,T,1.6,1.6,T,0.13,0.13,T,1.21,1.21,T,0.03,0.03,T,0,0,T,0,0,T,,,T,-1,-1,T,,,T,0,,T,0,,T,,10x50cm,0.05,,55,32,2.6,24.2,#REF!,0.6,0,0,-20,550,320,26,242,#REF!,6,0,0,-200,,
"Jill, Carley, Joseph, Spencer, Julia, Claire",Jill,Jill,"July, 2019",2019,TB,2,3,99,MLLMM,31,2,1,1,T,2.7,2.7,T,0.17,0.17,T,1.2,1.2,T,0.08,0.08,T,0.18,0.18,T,0,0,T,,,T,-1,-1,T,,,T,0,,T,0,,T,,10x50cm,0.05,,20,54,3.4,24,#REF!,1.6,3.6,0,-20,200,540,34,240,#REF!,16,36,0,-200,,
"Jill, Carley, Joseph, Spencer, Julia, Claire",Jill,Jill,"July, 2019",2019,TB,2,3,25,MLLMM,32,1,3.95,3.95,T,0.8,0.8,T,0.8,0.8,T,1.35,1.35,T,0,0,T,0,0,T,0,0,T,,,T,-1,-1,T,,,T,0,,T,0,,T,,10x50cm,0.05,,79,16,16,27,#REF!,0,0,0,-20,790,160,160,270,#REF!,0,0,0,-200,0.1,
"Jill, Carley, Joseph, Spencer, Julia, Claire",Jill,Jill,"July, 2019",2019,TB,2,3,25,MLLMM,32,2,3.9,3.9,T,0.8,0.8,T,0.6,0.6,T,0.65,0.65,T,0,0,T,0,0,T,0,0,T,,,T,-1,-1,T,,,T,3,3,T,0,,T,,10x50cm,0.05,,78,16,12,13,#REF!,0,0,0,-20,780,160,120,130,#REF!,0,0,0,-200,,
"Jill, Carley, Joseph, Spencer, Julia, Claire",Jill,Jill,"July, 2019",2019,TB,2,3,75,MLLMM,33,1,1.8,1.8,T,1.9,1.9,T,1.6,1.6,T,1.6,1.6,T,0.01,0.01,T,0.8,0.8,T,0,0,T,,,T,-1,-1,T,,,T,0,,T,0,,T,,10x50cm,0.05,,36,38,32,32,#REF!,0.2,16,0,-20,360,380,320,320,#REF!,2,160,0,-200,,
"Jill, Carley, Joseph, Spencer, Julia, Claire",Jill,Jill,"July, 2019",2019,TB,2,3,75,MLLMM,33,2,0.75,0.75,T,1.45,1.45,T,1,1,T,0.6,0.6,T,0.08,0.08,T,0.4,0.4,T,0,0,T,,,T,-1,-1,T,,,T,0,,T,0,,T,,10x50cm,0.05,,15,29,20,12,#REF!,1.6,8,0,-20,150,290,200,120,#REF!,16,80,0,-200,,
"Jill, Carley, Joseph, Spencer, Julia, Claire",Jill,Jill,"July, 2019",2019,TB,2,3,1,MLLMM,34,1,1.75,1.75,T,2.25,2.25,T,0.4,0.4,T,0.5,0.5,T,0,0,T,0,0,T,0,0,T,,,T,-1,-1,T,,,T,0,,T,0,,T,,10x50cm,0.05,,35,45,8,10,#REF!,0,0,0,-20,350,450,80,100,#REF!,0,0,0,-200,,
"Jill, Carley, Joseph, Spencer, Julia, Claire",Jill,Jill,"July, 2019",2019,TB,2,3,1,MLLMM,34,2,1.1,1.1,T,2.05,2.05,T,0.75,0.75,T,0.7,0.7,T,0.01,0.01,T,0,0,T,0,0,T,,,T,-1,-1,T,,,T,0,,T,0,,T,,10x50cm,0.05,,22,41,15,14,#REF!,0.2,0,0,-20,220,410,150,140,#REF!,2,0,0,-200,,
"Jill, Carley, Joseph, Spencer, Julia, Claire",Jill,Jill,"July, 2019",2019,TB,2,3,50,MLLMM,35,1,1.45,1.45,T,0.1,0.1,T,0.33,0.33,T,0.38,0.38,T,0,0,T,0.16,0.16,T,0,0,T,,,T,-1,-1,T,,,T,0,,T,0,,T,,10x50cm,0.05,,29,2,6.6,7.6,#REF!,0,3.2,0,-20,290,20,66,76,#REF!,0,32,0,-200,,
"Jill, Carley, Joseph, Spencer, Julia, Claire",Jill,Jill,"July, 2019",2019,TB,2,3,50,MLLMM,35,2,2.15,2.15,T,0.1,0.1,T,0.21,0.21,T,0.9,0.9,T,0,0,T,0,0,T,0,0,T,,,T,-1,-1,T,,,T,0,,T,0,,T,,10x50cm,0.05,,43,2,4.2,18,#REF!,0,0,0,-20,430,20,42,180,#REF!,0,0,0,-200,,
"Jill, Carley, Joseph, Spencer, Julia, Claire",Jill,Jill,"July, 2019",2019,TB,2,3,2,MLLMM,36,1,1.95,1.95,T,0.9,0.9,T,0.2,0.2,T,0.6,0.6,T,0.01,0.01,T,0,0,T,0,0,T,,,T,-1,-1,T,,,T,0,,T,0,,T,,10x50cm,0.05,,39,18,4,12,#REF!,0.2,0,0,-20,390,180,40,120,#REF!,2,0,0,-200,,
"Jill, Carley, Joseph, Spencer, Julia, Claire",Jill,Jill,"July, 2019",2019,TB,2,3,2,MLLMM,36,2,0.55,0.55,T,0.5,0.5,T,0.5,0.5,T,0.25,0.25,T,0,0,T,0,0,T,0,0,T,,,T,-1,-1,T,,,T,0,,T,0,,T,,10x50cm,0.05,,11,10,10,5,#REF!,0,0,0,-20,110,100,100,50,#REF!,0,0,0,-200,,
"Jill, Carley, Joseph, Spencer, Julia, Claire",Jill,Jill,"July, 2019",2019,TB,3,3,25,MLLMM,37,1,3.4,3.4,T,0.8,0.8,T,0.75,0.75,T,0.55,0.55,T,0,0,T,0.04,0.04,T,0,0,T,,,T,-1,-1,T,,,T,0,,T,9,9,T,,10x50cm,0.05,,68,16,15,11,#REF!,0,0.8,0,-20,680,160,150,110,#REF!,0,8,0,-200,,
"Jill, Carley, Joseph, Spencer, Julia, Claire",Jill,Jill,"July, 2019",2019,TB,3,3,25,MLLMM,37,2,4,4,T,1.1,1.1,T,0.4,0.4,T,0.3,0.3,T,0,0,T,0,0,T,0,0,T,,,T,-1,-1,T,,,T,0,,T,4,4,T,,10x50cm,0.05,,80,22,8,6,#REF!,0,0,0,-20,800,220,80,60,#REF!,0,0,0,-200,,
"Jill, Carley, Joseph, Spencer, Julia, Claire",Jill,Jill,"July, 2019",2019,TB,3,3,75,MLLMM,38,1,2.25,2.25,T,0.75,0.75,T,0.02,0.02,T,0.65,0.65,T,0,0,T,0.1,0.1,T,0.06,0.06,T,,,T,-1,-1,T,,,T,0,,T,0,,T,,10x50cm,0.05,,45,15,0.4,13,#REF!,0,2,1.2,-20,450,150,4,130,#REF!,0,20,12,-200,,
"Jill, Carley, Joseph, Spencer, Julia, Claire",Jill,Jill,"July, 2019",2019,TB,3,3,75,MLLMM,38,2,4.2,4.2,T,1.35,1.35,T,0.23,0.23,T,0.9,0.9,T,0.02,0.02,T,0.6,0.6,T,0,0,T,,,T,-1,-1,T,,,T,0,,T,0,,T,,10x50cm,0.05,,84,27,4.6,18,#REF!,0.4,12,0,-20,840,270,46,180,#REF!,4,120,0,-200,,
"Jill, Carley, Joseph, Spencer, Julia, Claire",Jill,Jill,"July, 2019",2019,TB,3,3,1,MLLMM,39,1,2.35,2.35,T,2.4,2.4,T,0.5,0.5,T,0.7,0.7,T,0,0,T,0.11,0.11,T,0,0,T,,,T,-1,-1,T,,,T,0,,T,0,,T,,10x50cm,0.05,,47,48,10,14,#REF!,0,2.2,0,-20,470,480,100,140,#REF!,0,22,0,-200,,
"Jill, Carley, Joseph, Spencer, Julia, Claire",Jill,Jill,"July, 2019",2019,TB,3,3,1,MLLMM,39,2,1.75,1.75,T,2.25,2.25,T,0.7,0.7,T,0.4,0.4,T,0,0,T,0.2,0.2,T,0,0,T,,,T,-1,-1,T,,,T,0,,T,0,,T,,10x50cm,0.05,,35,45,14,8,#REF!,0,4,0,-20,350,450,140,80,#REF!,0,40,0,-200,,
"Jill, Carley, Joseph, Spencer, Julia, Claire",Jill,Jill,"July, 2019",2019,TB,3,3,99,MLLMM,40,1,4.95,4.95,T,0.2,0.2,T,0.95,0.95,T,2.3,2.3,T,0.01,0.01,T,1.55,1.55,T,0,0,T,,,T,-1,-1,T,,,T,0,,T,0,,T,,10x50cm,0.05,,99,4,19,46,#REF!,0.2,31,0,-20,990,40,190,460,#REF!,2,310,0,-200,,
"Jill, Carley, Joseph, Spencer, Julia, Claire",Jill,Jill,"July, 2019",2019,TB,3,3,99,MLLMM,40,2,4.4,4.4,T,0.15,0.15,T,0.45,0.45,T,2.85,2.85,T,0,0,T,1.4,1.4,T,0,0,T,,,T,-1,-1,T,,,T,0,,T,0,,T,,10x50cm,0.05,,88,3,9,57,#REF!,0,28,0,-20,880,30,90,570,#REF!,0,280,0,-200,,
"Jill, Carley, Joseph, Spencer, Julia, Claire",Jill,Jill,"July, 2019",2019,TB,3,3,2,MLLMM,41,1,7,7,T,0,0,T,0.6,0.6,T,1.15,1.15,T,0,0,T,1.75,1.75,T,0,0,T,,,T,-1,-1,T,,,T,0,,T,0,,T,,10x50cm,0.05,,140,0,12,23,#REF!,0,35,0,-20,1400,0,120,230,#REF!,0,350,0,-200,,
"Jill, Carley, Joseph, Spencer, Julia, Claire",Jill,Jill,"July, 2019",2019,TB,3,3,2,MLLMM,41,2,4.6,4.6,T,0,0,T,2.2,2.2,T,1.4,1.4,T,0,0,T,1.75,1.75,T,0,0,T,,,T,-1,-1,T,,,T,0,,T,0,,T,,10x50cm,0.05,,92,0,44,28,#REF!,0,35,0,-20,920,0,440,280,#REF!,0,350,0,-200,,
"Jill, Carley, Joseph, Spencer, Julia, Claire",Jill,Jill,"July, 2019",2019,TB,3,3,50,MLLMM,42,1,7,7,T,0,0,T,2.25,2.25,T,1.6,1.6,T,0,0,T,1.4,1.4,T,0,0,T,,,T,-1,-1,T,,,T,0,,T,0,,T,,10x50cm,0.05,,140,0,45,32,#REF!,0,28,0,-20,1400,0,450,320,#REF!,0,280,0,-200,,
"Jill, Carley, Joseph, Spencer, Julia, Claire",Jill,Jill,"July, 2019",2019,TB,3,3,50,MLLMM,42,2,7.35,7.35,T,0,0,T,1.2,1.2,T,2.75,2.75,T,0,0,T,1.75,1.75,T,0,0,T,,,T,-1,-1,T,,,T,0,,T,0,,T,,10x50cm,0.05,,147,0,24,55,#REF!,0,35,0,-20,1470,0,240,550,#REF!,0,350,0,-200,,
"Jill, Carley, Joseph, Spencer, Julia, Claire",Jill,Jill,"July, 2019",2019,TB,3,2,1,HHMMM,43,1,4.2,4.2,T,0.3,0.3,T,0.95,0.95,T,0.6,0.6,T,0,0,T,0.16,0.16,T,0,0,T,,,T,-1,-1,T,,,T,0,,T,0,,T,,10x50cm,0.05,,84,6,19,12,#REF!,0,3.2,0,-20,840,60,190,120,#REF!,0,32,0,-200,,
"Jill, Carley, Joseph, Spencer, Julia, Claire",Jill,Jill,"July, 2019",2019,TB,3,2,1,HHMMM,43,2,9.9,9.9,T,0.17,0.17,T,0.65,0.65,T,2.55,2.55,T,0,0,T,0.25,0.25,T,0,0,T,,,T,-1,-1,T,,,T,0,,T,0,,T,,10x50cm,0.05,,198,3.4,13,51,#REF!,0,5,0,-20,1980,34,130,510,#REF!,0,50,0,-200,,
"Jill, Carley, Joseph, Spencer, Julia, Claire",Jill,Jill,"July, 2019",2019,TB,3,2,25,HHMMM,44,1,6.65,6.65,T,1.15,1.15,T,1.7,1.7,T,3.15,3.15,T,0,0,T,1.65,1.65,T,0,0,T,,,T,-1,-1,T,,,T,0,,T,0,,T,,10x50cm,0.05,,133,23,34,63,#REF!,0,33,0,-20,1330,230,340,630,#REF!,0,330,0,-200,,
"Jill, Carley, Joseph, Spencer, Julia, Claire",Jill,Jill,"July, 2019",2019,TB,3,2,25,HHMMM,44,2,4.8,4.8,T,2.1,2.1,T,2.5,2.5,T,2.95,2.95,T,0,0,T,0.95,0.95,T,0,0,T,,,T,-1,-1,T,,,T,0,,T,0,,T,,10x50cm,0.05,,96,42,50,59,#REF!,0,19,0,-20,960,420,500,590,#REF!,0,190,0,-200,,
"Jill, Carley, Joseph, Spencer, Julia, Claire",Jill,Jill,"July, 2019",2019,TB,3,2,50,HHMMM,45,1,4.05,4.05,T,0,0,T,0.5,0.5,T,0.4,0.4,T,0,0,T,0,0,T,0,0,T,,,T,-1,-1,T,,,T,0,,T,0,,T,,10x50cm,0.05,,81,0,10,8,#REF!,0,0,0,-20,810,0,100,80,#REF!,0,0,0,-200,,
"Jill, Carley, Joseph, Spencer, Julia, Claire",Jill,Jill,"July, 2019",2019,TB,3,2,50,HHMMM,45,2,6.05,6.05,T,0,0,T,0.85,0.85,T,0.55,0.55,T,0,0,T,0.1,0.1,T,0,0,T,,,T,-1,-1,T,,,T,0,,T,0,,T,,10x50cm,0.05,,121,0,17,11,#REF!,0,2,0,-20,1210,0,170,110,#REF!,0,20,0,-200,,
"Jill, Carley, Joseph, Spencer, Julia, Claire",Jill,Jill,"July, 2019",2019,TB,3,2,75,HHMMM,46,1,2.75,2.75,T,0,0,T,0.03,0.03,T,0.45,0.45,T,0,0,T,0.25,0.25,T,0,0,T,,,T,-1,-1,T,,,T,0,,T,60,60,T,,10x50cm,0.05,,55,0,0.6,9,#REF!,0,5,0,-20,550,0,6,90,#REF!,0,50,0,-200,,
"Jill, Carley, Joseph, Spencer, Julia, Claire",Jill,Jill,"July, 2019",2019,TB,3,2,75,HHMMM,46,2,7.05,7.05,T,0,0,T,0.7,0.7,T,0.6,0.6,T,0,0,T,0.04,0.04,T,0,0,T,,,T,-1,-1,T,,,T,0,,T,0,,T,,10x50cm,0.05,,141,0,14,12,#REF!,0,0.8,0,-20,1410,0,140,120,#REF!,0,8,0,-200,,
"Jill, Carley, Joseph, Spencer, Julia, Claire",Jill,Jill,"July, 2019",2019,TB,3,2,99,HHMMM,47,1,4.25,4.25,T,0,0,T,0.25,0.25,T,1.65,1.65,T,0,0,T,0.05,0.05,T,0,0,T,,,T,-1,-1,T,,,T,0,,T,18,18,T,,10x50cm,0.05,,85,0,5,33,#REF!,0,1,0,-20,850,0,50,330,#REF!,0,10,0,-200,,
"Jill, Carley, Joseph, Spencer, Julia, Claire",Jill,Jill,"July, 2019",2019,TB,3,2,99,HHMMM,47,2,4.95,4.95,T,0,0,T,0.11,0.11,T,1.6,1.6,T,0,0,T,0.12,0.12,T,0,0,T,,,T,-1,-1,T,,,T,0,,T,10,10,T,,10x50cm,0.05,,99,0,2.2,32,#REF!,0,2.4,0,-20,990,0,22,320,#REF!,0,24,0,-200,,
"Jill, Carley, Joseph, Spencer, Julia, Claire",Jill,Jill,"July, 2019",2019,TB,3,2,2,HHMMM,48,1,7.9,7.9,T,0.07,0.07,T,0.2,0.2,T,2.9,2.9,T,0,0,T,0,0,T,0,0,T,,,T,-1,-1,T,,,T,0,,T,20,20,T,,10x50cm,0.05,,158,1.4,4,58,#REF!,0,0,0,-20,1580,14,40,580,#REF!,0,0,0,-200,,
"Jill, Carley, Joseph, Spencer, Julia, Claire",Jill,Jill,"July, 2019",2019,TB,3,2,2,HHMMM,48,2,3.75,3.75,T,0,0,T,0.1,0.1,T,1.15,1.15,T,0,0,T,0.04,0.04,T,0,0,T,,,T,-1,-1,T,,,T,0,,T,<1,<1,T,ARTR seedling clipped: 0.05g,10x50cm,0.05,,75,0,2,23,#REF!,0,0.8,0,-20,750,0,20,230,#REF!,0,8,0,-200,,
"Jill, Carley, Joseph, Spencer, Julia, Claire",Jill,Jill,"July, 2019",2019,TB,3,1,50,MMMMM,49,1,6.4,6.4,T,0,0,T,0.75,0.75,T,0.75,0.75,T,0,0,T,0.45,0.45,T,0,0,T,,,T,-1,-1,T,,,T,0,,T,0,,T,,10x50cm,0.05,,128,0,15,15,#REF!,0,9,0,-20,1280,0,150,150,#REF!,0,90,0,-200,,
"Jill, Carley, Joseph, Spencer, Julia, Claire",Jill,Jill,"July, 2019",2019,TB,3,1,50,MMMMM,49,2,6.4,6.4,T,0,0,T,0.3,0.3,T,0.65,0.65,T,0,0,T,0.55,0.55,T,0,0,T,,,T,-1,-1,T,,,T,0,,T,0,,T,,10x50cm,0.05,,128,0,6,13,#REF!,0,11,0,-20,1280,0,60,130,#REF!,0,110,0,-200,,
"Jill, Carley, Joseph, Spencer, Julia, Claire",Jill,Jill,"July, 2019",2019,TB,3,1,25,MMMMM,50,1,6.95,6.95,T,0,0,T,0.07,0.07,T,0.95,0.95,T,0,0,T,1.3,1.3,T,0,0,T,,,T,-1,-1,T,,,T,0,,T,0,,T,,10x50cm,0.05,,139,0,1.4,19,#REF!,0,26,0,-20,1390,0,14,190,#REF!,0,260,0,-200,,
"Jill, Carley, Joseph, Spencer, Julia, Claire",Jill,Jill,"July, 2019",2019,TB,3,1,25,MMMMM,50,2,5.8,5.8,T,0,0,T,0.11,0.11,T,0.8,0.8,T,0,0,T,0.5,0.5,T,0,0,T,,,T,-1,-1,T,,,T,0,,T,0,,T,,10x50cm,0.05,,116,0,2.2,16,#REF!,0,10,0,-20,1160,0,22,160,#REF!,0,100,0,-200,,
"Jill, Carley, Joseph, Spencer, Julia, Claire",Jill,Jill,"July, 2019",2019,TB,3,1,99,MMMMM,51,1,3.8,3.8,T,0,0,T,0.1,0.1,T,1.3,1.3,T,0,0,T,0.7,0.7,T,0,0,T,,,T,-1,-1,T,,,T,0,,T,0,,T,,10x50cm,0.05,,76,0,2,26,#REF!,0,14,0,-20,760,0,20,260,#REF!,0,140,0,-200,,
"Jill, Carley, Joseph, Spencer, Julia, Claire",Jill,Jill,"July, 2019",2019,TB,3,1,99,MMMMM,51,2,4.7,4.7,T,0,0,T,0.17,0.17,T,0.65,0.65,T,0,0,T,0.4,0.4,T,0,0,T,,,T,-1,-1,T,,,T,0,,T,0,,T,,10x50cm,0.05,,94,0,3.4,13,#REF!,0,8,0,-20,940,0,34,130,#REF!,0,80,0,-200,,
"Jill, Carley, Joseph, Spencer, Julia, Claire",Jill,Jill,"July, 2019",2019,TB,3,1,1,MMMMM,52,1,5.8,5.8,T,0,0,T,0.09,0.09,T,3.25,3.25,T,0,0,T,0.6,0.6,T,0,0,T,,,T,-1,-1,T,,,T,0,,T,0,,T,,10x50cm,0.05,,116,0,1.8,65,#REF!,0,12,0,-20,1160,0,18,650,#REF!,0,120,0,-200,,
"Jill, Carley, Joseph, Spencer, Julia, Claire",Jill,Jill,"July, 2019",2019,TB,3,1,1,MMMMM,52,2,3.65,3.65,T,0,0,T,0.15,0.15,T,2.55,2.55,T,0,0,T,0.6,0.6,T,0,0,T,,,T,-1,-1,T,,,T,0,,T,0,,T,,10x50cm,0.05,,73,0,3,51,#REF!,0,12,0,-20,730,0,30,510,#REF!,0,120,0,-200,,
"Jill, Carley, Joseph, Spencer, Julia, Claire",Jill,Jill,"July, 2019",2019,TB,3,1,2,MMMMM,53,1,4.4,4.4,T,0,0,T,0.01,0.01,T,1.1,1.1,T,0,0,T,0.09,0.09,T,0,0,T,,,T,-1,-1,T,,,T,0,,T,4,4,T,,10x50cm,0.05,,88,0,0.2,22,#REF!,0,1.8,0,-20,880,0,2,220,#REF!,0,18,0,-200,,
"Jill, Carley, Joseph, Spencer, Julia, Claire",Jill,Jill,"July, 2019",2019,TB,3,1,2,MMMMM,53,2,6.3,6.3,T,0,0,T,0,0,T,0.3,0.3,T,0,0,T,0.15,0.15,T,0,0,T,,,T,-1,-1,T,,,T,0,,T,21,21,T,,10x50cm,0.05,,126,0,0,6,#REF!,0,3,0,-20,1260,0,0,60,#REF!,0,30,0,-200,,
"Jill, Carley, Joseph, Spencer, Julia, Claire",Jill,Jill,"July, 2019",2019,TB,3,1,75,MMMMM,54,1,4,4,T,0,0,T,6.8,6.8,T,2.9,2.9,T,0,0,T,0,0,T,0,0,T,,,T,-1,-1,T,,,T,0,,T,0,,T,,10x50cm,0.05,,80,0,136,58,#REF!,0,0,0,-20,800,0,1360,580,#REF!,0,0,0,-200,,
"Jill, Carley, Joseph, Spencer, Julia, Claire",Jill,Jill,"July, 2019",2019,TB,3,1,75,MMMMM,54,2,4.05,4.05,T,0,0,T,0.15,0.15,T,2.2,2.2,T,0,0,T,0.15,0.15,T,0,0,T,,,T,-1,-1,T,,,T,0,,T,0,,T,,10x50cm,0.05,,81,0,3,44,#REF!,0,3,0,-20,810,0,30,440,#REF!,0,30,0,-200,,
,,,,2018,TB,1,2,75,HHMMM,2018-1,1,2.4,2.4,T,3.45,3.45,T,0.8,0.8,T,0.55,0.55,T,0.01,0.01,T,0,0,T,0,,T,0.02,0.02,T,,,T,,,T,,,T,,,T,,20x50cm,0.1,,48,69,16,11,#REF!,0.2,0,,,480,690,160,110,#REF!,2,0,,,,
,,,,2018,TB,1,2,75,HHMMM,2018-1,2,1.15,1.15,T,5,5,T,1.15,1.15,T,1.35,1.35,T,0,0,T,0,0,T,0,,T,0,0,T,,,T,,,T,,,T,,,T,,20x50cm,0.1,,23,100,23,27,,0,0,,,230,1000,230,270,,0,0,,,,
,,,,2018,TB,1,2,99,HHMMM,2018-2,1,2.2,2.2,T,4.85,4.85,T,5.8,5.8,T,1.15,1.15,T,0.05,0.05,T,0.55,0.55,T,0,,T,0,0,T,,,T,,,T,,,T,,,T,,20x50cm,0.1,,44,97,116,23,,1,11,,,440,970,1160,230,,10,110,,,,
,,,,2018,TB,1,2,99,HHMMM,2018-2,2,23.9,23.9,T,0,0,T,0.15,0.15,T,4.45,4.45,T,0,0,T,0.05,0.05,T,0,,T,0,0,T,,,T,,,T,,,T,,,T,,20x50cm,0.1,,478,0,3,89,,0,1,,,4780,0,30,890,,0,10,,,,
,,,,2018,TB,1,2,1,HHMMM,2018-3,1,3.8,3.8,T,3.25,3.25,T,6.15,6.15,T,1.9,1.9,T,0.2,0.2,T,2.5,2.5,T,0,,T,0,0,T,,,T,,,T,,,T,,,T,,20x50cm,0.1,,76,65,123,38,,4,50,,,760,650,1230,380,,40,500,,,,
,,,,2018,TB,1,2,1,HHMMM,2018-3,2,1.45,1.45,T,2.65,2.65,T,5.7,5.7,T,4.5,4.5,T,0.1,0.1,T,1.5,1.5,T,0,,T,0,0,T,,,T,,,T,,,T,,,T,,20x50cm,0.1,,29,53,114,90,,2,30,,,290,530,1140,900,,20,300,,,,
,,,,2018,TB,1,2,2,HHMMM,2018-4,1,3.57,3.57,T,3.48,3.48,T,4.61,4.61,T,1.41,1.41,T,0.05,0.05,T,0.34,0.34,T,0,,T,0,0,T,,,T,,,T,,,T,,,T,,20x50cm,0.1,,71.4,69.6,92.2,28.2,,1,6.8,,,714,696,922,282,,10,68,,,,
,,,,2018,TB,1,2,2,HHMMM,2018-4,2,2.19,2.19,T,2.46,2.46,T,3.88,3.88,T,1.06,1.06,T,0.08,0.08,T,0.38,0.38,T,0,,T,0,0,T,,,T,,,T,,,T,,,T,,20x50cm,0.1,,71.4,49.2,77.6,21.2,,1.6,7.6,,,714,492,776,212,,16,76,,,,
,,,,2018,TB,1,2,50,HHMMM,2018-5,1,5.9,5.9,T,0.2,0.2,T,2.2,2.2,T,7.25,7.25,T,0,0,T,3.4,3.4,T,0,,T,0,0,T,,,T,,,T,,,T,,,T,,20x50cm,0.1,,43.8,4,44,145,,0,68,,,438,40,440,1450,,0,680,,,,
,,,,2018,TB,1,2,50,HHMMM,2018-5,2,10.85,10.85,T,0.2,0.2,T,3.15,3.15,T,12.95,12.95,T,0,0,T,4.2,4.2,T,0,,T,0,0,T,,,T,,,T,,,T,,,T,,20x50cm,0.1,,118,4,63,259,,0,84,,,1180,40,630,2590,,0,840,,,,
,,,,2018,TB,1,2,25,HHMMM,2018-6,1,10.3,10.3,T,0.8,0.8,T,8.55,8.55,T,3.1,3.1,T,0.1,0.1,T,9.45,9.45,T,0,,T,0,0,T,,,T,,,T,,,T,,,T,,20x50cm,0.1,,217,16,171,62,,2,189,,,2170,160,1710,620,,20,1890,,,,
,,,,2018,TB,1,2,25,HHMMM,2018-6,2,0,0,T,0.3,0.3,T,0.1,0.1,T,0.5,0.5,T,0.05,0.05,T,5.85,5.85,T,0,,T,0,0,T,,,T,,,T,,,T,,,T,,20x50cm,0.1,,206,6,2,10,,1,117,,,2060,60,20,100,,10,1170,,,,
,,,,2018,TB,1,3,2,MLLMM,7,1,4.05,4.05,T,3.6,3.6,T,3.8,3.8,T,0.4,0.4,T,0,0,T,0.5,0.5,T,0,,T,0,0,T,,,T,,,T,,,T,,,T,,20x50cm,0.1,,0,72,76,8,,0,10,,,0,720,760,80,,0,100,,,,
,,,,2018,TB,1,3,2,MLLMM,7,2,2.19,2.19,T,3.29,3.29,T,3.97,3.97,T,0.67,0.67,T,0,0,T,1.69,1.69,T,0,,T,0,0,T,,,T,,,T,,,T,,,T,,20x50cm,0.1,,81,65.8,79.4,13.4,,0,33.8,,,810,658,794,134,,0,338,,,,
,,,,2018,TB,1,3,75,MLLMM,8,1,0.1,0.1,T,0,0,T,4.2,4.2,T,0.5,0.5,T,0,0,T,0,0,T,0,,T,0,0,T,,,T,,,T,,,T,,,T,,20x50cm,0.1,,43.8,0,84,10,,0,0,,,438,0,840,100,,0,0,,,,
,,,,2018,TB,1,3,75,MLLMM,8,2,0.55,0.55,T,3.35,3.35,T,5.75,5.75,T,0.65,0.65,T,0.01,0.01,T,0.1,0.1,T,0,,T,0.05,0.05,T,,,T,,,T,,,T,,,T,,20x50cm,0.1,,2,67,115,13,,0.2,2,,,20,670,1150,130,,2,20,,,,
,,,,2018,TB,1,3,1,MLLMM,9,1,2.35,2.35,T,3.35,3.35,T,0.6,0.6,T,0.6,0.6,T,0,0,T,0,0,T,0,,T,3.05,3.05,T,,,T,,,T,,,T,,,T,,20x50cm,0.1,,11,67,12,12,,0,0,,,110,670,120,120,,0,0,,,,
,,,,2018,TB,1,3,1,MLLMM,9,2,6.42,6.42,T,7.83,7.83,T,0.74,0.74,T,1.45,1.45,T,0,0,T,0,0,T,0,,T,1.2,1.2,T,,,T,,,T,,,T,,,T,,20x50cm,0.1,,47,156.6,14.8,29,,0,0,,,470,1566,148,290,,0,0,,,,
,,,,2018,TB,1,3,99,MLLMM,10,1,6.75,6.75,T,2.96,2.96,T,2.38,2.38,T,0.34,0.34,T,0.04,0.04,T,0.67,0.67,T,0,,T,0,0,T,,,T,,,T,,,T,,,T,,20x50cm,0.1,,128.4,59.2,47.6,6.8,,0.8,13.4,,,1284,592,476,68,,8,134,,,,
,,,,2018,TB,1,3,99,MLLMM,10,2,7.68,7.68,T,2.43,2.43,T,5.19,5.19,T,2.15,2.15,T,0.03,0.03,T,0.57,0.57,T,0,,T,0,0,T,,,T,,,T,,,T,,,T,,20x50cm,0.1,,135,48.6,103.8,43,,0.6,11.4,,,1350,486,1038,430,,6,114,,,,
,,,,2018,TB,1,3,50,MLLMM,11,1,6.2,6.2,T,0.8,0.8,T,0.1,0.1,T,0.2,0.2,T,0.05,0.05,T,0.2,0.2,T,0,,T,0,0,T,,,T,,,T,,,T,,,T,,20x50cm,0.1,,153.6,16,2,4,,1,4,,,1536,160,20,40,,10,40,,,,
,,,,2018,TB,1,3,50,MLLMM,11,2,4.05,4.05,T,0.75,0.75,T,3.1,3.1,T,0.55,0.55,T,0.05,0.05,T,0.2,0.2,T,0,,T,0,0,T,,,T,,,T,,,T,,,T,,20x50cm,0.1,,124,15,62,11,,1,4,,,1240,150,620,110,,10,40,,,,
,,,,2018,TB,1,3,25,MLLMM,12,1,2.9,2.9,T,4.15,4.15,T,0.65,0.65,T,1.55,1.55,T,0.05,0.05,T,0.05,0.05,T,0,,T,0,0,T,,,T,,,T,,,T,,,T,,20x50cm,0.1,,81,83,13,31,,1,1,,,810,830,130,310,,10,10,,,,
,,,,2018,TB,1,3,25,MLLMM,12,2,4.2,4.2,T,4.05,4.05,T,0.7,0.7,T,0.9,0.9,T,0.02,0.02,T,0,0,T,0,,T,0.01,0.01,T,,,T,,,T,,,T,,,T,,20x50cm,0.1,,58,81,14,18,,0.4,0,,,580,810,140,180,,4,0,,,,
,,,,2018,TB,1,1,50,MMMMM,13,1,3.8,3.8,T,0,0,T,7.4,7.4,T,4.05,4.05,T,?,?,T,?,?,T,0,,T,0,0,T,,,T,,,T,,,T,,,T,,20x50cm,0.1,,84,0,148,81,,,,,,840,0,1480,810,,,,,,,
,,,,2018,TB,1,1,50,MMMMM,13,2,7.59,7.59,T,0,0,T,12.03,12.03,T,5.94,5.94,T,0.03,0.03,T,2.7,2.7,T,0,,T,0,0,T,,,T,,,T,,,T,,,T,,20x50cm,0.1,,76,0,240.6,118.8,,,,,,760,0,2406,1188,,,,,,,
,,,,2018,TB,1,1,75,MMMMM,14,1,10.8,10.8,T,1.8,1.8,T,7.45,7.45,T,2,2,T,0.02,0.02,T,0.55,0.55,T,0,,T,0,0,T,,,T,,,T,,,T,,,T,,20x50cm,0.1,,151.8,36,149,40,,,,,,1518,360,1490,400,,,,,,,
,,,,2018,TB,1,1,75,MMMMM,14,2,14.51,14.51,T,0.37,0.37,T,9.86,9.86,T,4.31,4.31,T,0.05,0.05,T,0.3,0.3,T,0,,T,0,0,T,,,T,,,T,,,T,,,T,,20x50cm,0.1,,216,7.4,197.2,86.2,,,,,,2160,74,1972,862,,,,,,,
,,,,2018,TB,1,1,2,MMMMM,15,1,6.25,6.25,T,0.15,0.15,T,8.05,8.05,T,4.1,4.1,T,0.05,0.05,T,1,1,T,0,,T,0,0,T,,,T,,,T,,,T,,,T,,20x50cm,0.1,,290.2,3,161,82,,,,,,2902,30,1610,820,,,,,,,
,,,,2018,TB,1,1,2,MMMMM,15,2,7.38,7.38,T,0.54,0.54,T,7.86,7.86,T,5.18,5.18,T,0.11,0.11,T,0.44,0.44,T,0,,T,0,0,T,,,T,,,T,,,T,,,T,,20x50cm,0.1,,125,10.8,157.2,103.6,,,,,,1250,108,1572,1036,,,,,,,
,,,,2018,TB,1,1,25,MMMMM,16,1,5.56,5.56,T,2.86,2.86,T,8.95,8.95,T,2.62,2.62,T,0.03,0.03,T,3.45,3.45,T,0,,T,0,0,T,,,T,,,T,,,T,,,T,,20x50cm,0.1,,147.6,57.2,179,52.4,,,,,,1476,572,1790,524,,,,,,,
,,,,2018,TB,1,1,25,MMMMM,16,2,4,4,T,3.3,3.3,T,9.75,9.75,T,2.9,2.9,T,0.15,0.15,T,2.45,2.45,T,0,,T,0,0,T,,,T,,,T,,,T,,,T,,20x50cm,0.1,,111.2,66,195,58,,,,,,1112,660,1950,580,,,,,,,
,,,,2018,TB,1,1,1,MMMMM,17,1,6.9,6.9,T,0,0,T,1.15,1.15,T,1.25,1.25,T,0,0,T,5.3,5.3,T,0,,T,0,0,T,,,T,,,T,,,T,,,T,,20x50cm,0.1,,80,0,23,25,,,,,,800,0,230,250,,,,,,,
,,,,2018,TB,1,1,1,MMMMM,17,2,5.75,5.75,T,0,0,T,2.15,2.15,T,1.65,1.65,T,0,0,T,0.25,0.25,T,0,,T,44.35,44.35,T,,,T,,,T,,,T,,,T,,20x50cm,0.1,,138,0,43,33,,,,,,1380,0,430,330,,,,,,,
,,,,2018,TB,1,1,99,MMMMM,18,1,6.55,6.55,T,0.95,0.95,T,6.05,6.05,T,1.55,1.55,T,0.2,0.2,T,1,1,T,0,,T,0,0,T,,,T,,,T,,,T,,,T,,20x50cm,0.1,,115,19,121,31,,,,,,1150,190,1210,310,,,,,,,
,,,,2018,TB,1,1,99,MMMMM,18,2,6,6,T,2.1,2.1,T,5.25,5.25,T,4.2,4.2,T,0.02,0.02,T,0.75,0.75,T,0,,T,0,0,T,,,T,,,T,,,T,,,T,,20x50cm,0.1,,,42,105,84,,,,,,,420,1050,840,,,,,,,
,,,,2018,TB,2,2,50,HHMMM,2018-19,1,5.22,5.22,T,7.31,7.31,T,4.04,4.04,T,1.6,1.6,T,0.28,0.28,T,0.1,0.1,T,0,,T,0,0,T,,,T,,,T,,,T,,,T,,20x50cm,0.1,,,146.2,80.8,32,,,,,,,1462,808,320,,,,,,,
,,,,2018,TB,2,2,50,HHMMM,2018-19,2,6.8,6.8,T,0.25,0.25,T,2.35,2.35,T,1.55,1.55,T,0.35,0.35,T,0.05,0.05,T,0,,T,0,0,T,,,T,,,T,,,T,,,T,,20x50cm,0.1,,,5,47,31,,,,,,,50,470,310,,,,,,,
,,,,2018,TB,2,2,2,HHMMM,2018-20,1,,,T,,,T,,,T,,,T,,,T,,,T,,,T,,,T,,,T,,,T,,,T,,,T,,20x50cm,0.1,,,,,,,,,,,,,,,,,,,,,
,,,,2018,TB,2,2,2,HHMMM,2018-20,2,5.95,5.95,T,5,5,T,1.05,1.05,T,2.2,2.2,T,0.1,0.1,T,0.1,0.1,T,0,,T,0,0,T,,,T,,,T,,,T,,,T,,20x50cm,0.1,,,,,,,,,,,,,,,,,,,,,
,,,,2018,TB,2,2,99,HHMMM,2018-21,1,4.35,4.35,T,0,0,T,9.75,9.75,T,3.15,3.15,T,0.05,0.05,T,0.3,0.3,T,0,,T,0,0,T,,,T,,,T,,,T,,,T,,20x50cm,0.1,,,,,,,,,,,,,,,,,,,,,
,,,,2018,TB,2,2,99,HHMMM,2018-21,2,5.35,5.35,T,0.05,0.05,T,8.15,8.15,T,4.3,4.3,T,0.05,0.05,T,0.1,0.1,T,0,,T,2.5,2.5,T,,,T,,,T,,,T,,,T,,20x50cm,0.1,,,,,,,,,,,,,,,,,,,,,
,,,,2018,TB,2,2,75,HHMMM,2018-22,1,12,12,T,0.25,0.25,T,6.75,6.75,T,3.05,3.05,T,0.02,0.02,T,0.05,0.05,T,0,,T,0,0,T,,,T,,,T,,,T,,,T,,20x50cm,0.1,,,,,,,,,,,,,,,,,,,,,
,,,,2018,TB,2,2,75,HHMMM,2018-22,2,4.35,4.35,T,0.15,0.15,T,4,4,T,2.65,2.65,T,0.05,0.05,T,0.05,0.05,T,0,,T,0,0,T,,,T,,,T,,,T,,,T,,20x50cm,0.1,,,,,,,,,,,,,,,,,,,,,
,,,,2018,TB,2,2,1,HHMMM,2018-23,1,3.1,3.1,T,1.1,1.1,T,3.9,3.9,T,0.5,0.5,T,0.15,0.15,T,0.05,0.05,T,0,,T,0,0,T,,,T,,,T,,,T,,,T,,20x50cm,0.1,,,,,,,,,,,,,,,,,,,,,
,,,,2018,TB,2,2,1,HHMMM,2018-23,2,4.95,4.95,T,1.63,1.63,T,1.12,1.12,T,0.69,0.69,T,0.03,0.03,T,0.09,0.09,T,0,,T,0,0,T,,,T,,,T,,,T,,,T,,20x50cm,0.1,,,,,,,,,,,,,,,,,,,,,
,,,,2018,TB,2,2,25,HHMMM,2018-24,1,4.6,4.6,T,3.55,3.55,T,7.25,7.25,T,4.05,4.05,T,0.7,0.7,T,3.15,3.15,T,0,,T,0,0,T,,,T,,,T,,,T,,,T,,20x50cm,0.1,,,,,,,,,,,,,,,,,,,,,
,,,,2018,TB,2,2,25,HHMMM,2018-24,2,2.7,2.7,T,1,1,T,8.55,8.55,T,2.3,2.3,T,0.4,0.4,T,1.85,1.85,T,0,,T,0.07,0.07,T,,,T,,,T,,,T,,,T,,20x50cm,0.1,,,,,,,,,,,,,,,,,,,,,
,,,,2018,TB,2,1,1,MMMMM,25,1,1.8,1.8,T,2.45,2.45,T,0.45,0.45,T,0.75,0.75,T,0.05,0.05,T,0.05,0.05,T,0,,T,0,0,T,,,T,,,T,,,T,,,T,,20x50cm,0.1,,,,,,,,,,,,,,,,,,,,,
,,,,2018,TB,2,1,1,MMMMM,25,2,2.65,2.65,T,3.8,3.8,T,0.25,0.25,T,0.6,0.6,T,?,?,T,0.2,0.2,T,0,,T,0,0,T,,,T,,,T,,,T,,,T,,20x50cm,0.1,,,,,,,,,,,,,,,,,,,,,
,,,,2018,TB,2,1,75,MMMMM,26,1,,,T,,,T,,,T,,,T,,,T,,,T,,,T,,,T,,,T,,,T,,,T,,,T,,20x50cm,0.1,,,,,,,,,,,,,,,,,,,,,
,,,,2018,TB,2,1,75,MMMMM,26,2,5.58,5.58,T,1.36,1.36,T,0.72,0.72,T,1.12,1.12,T,0.05,0.05,T,0,0,T,0,,T,0.11,0.11,T,,,T,,,T,,,T,,,T,,20x50cm,0.1,,,,,,,,,,,,,,,,,,,,,
,,,,2018,TB,2,1,50,MMMMM,27,1,2.95,2.95,T,2.95,2.95,T,0.95,0.95,T,1.65,1.65,T,0,0,T,0,0,T,0,,T,0,0,T,,,T,,,T,,,T,,,T,,20x50cm,0.1,,,,,,,,,,,,,,,,,,,,,
,,,,2018,TB,2,1,50,MMMMM,27,2,3.6,3.6,T,3.1,3.1,T,6.45,6.45,T,1.55,1.55,T,0.01,0.01,T,0,0,T,0,,T,0,0,T,,,T,,,T,,,T,,,T,,20x50cm,0.1,,,,,,,,,,,,,,,,,,,,,
,,,,2018,TB,2,1,99,MMMMM,28,1,2.8,2.8,T,1.75,1.75,T,0.8,0.8,T,0.65,0.65,T,0.05,0.05,T,0,0,T,0,,T,0,0,T,,,T,,,T,,,T,,,T,,20x50cm,0.1,,,,,,,,,,,,,,,,,,,,,
,,,,2018,TB,2,1,99,MMMMM,28,2,0.9,0.9,T,2.7,2.7,T,2.4,2.4,T,0.95,0.95,T,0.02,0.02,T,0.05,0.05,T,0,,T,0,0,T,,,T,,,T,,,T,,,T,,20x50cm,0.1,,,,,,,,,,,,,,,,,,,,,
,,,,2018,TB,2,1,2,MMMMM,29,1,1.95,1.95,T,12.7,12.7,T,2.8,2.8,T,3.6,3.6,T,0.02,0.02,T,0,0,T,0,,T,3.9,3.9,T,,,T,,,T,,,T,,,T,,20x50cm,0.1,,,,,,,,,,,,,,,,,,,,,
,,,,2018,TB,2,1,2,MMMMM,29,2,1.31,1.31,T,2.54,2.54,T,0.37,0.37,T,1.06,1.06,T,0.01,0.01,T,0,0,T,0,,T,2.64,2.64,T,,,T,,,T,,,T,,,T,,20x50cm,0.1,,,,,,,,,,,,,,,,,,,,,
,,,,2018,TB,2,1,25,MMMMM,30,1,4.8,4.8,T,11.19,11.19,T,1.5,1.5,T,1,1,T,0,0,T,0,0,T,0,,T,0.01,0.01,T,,,T,,,T,,,T,,,T,,20x50cm,0.1,,,,,,,,,,,,,,,,,,,,,
,,,,2018,TB,2,1,25,MMMMM,30,2,6.1,6.1,T,6.65,6.65,T,0.8,0.8,T,1.75,1.75,T,0.05,0.05,T,0,0,T,0,,T,0.02,0.02,T,,,T,,,T,,,T,,,T,,20x50cm,0.1,,,,,,,,,,,,,,,,,,,,,
,,,,2018,TB,2,3,99,MLLMM,31,1,7.95,7.95,T,3.3,3.3,T,1.8,1.8,T,1.95,1.95,T,0.01,0.01,T,0.05,0.05,T,0,,T,0,0,T,,,T,,,T,,,T,,,T,,20x50cm,0.1,,,,,,,,,,,,,,,,,,,,,
,,,,2018,TB,2,3,99,MLLMM,31,2,6.5,6.5,T,3.85,3.85,T,0.75,0.75,T,1.4,1.4,T,0.02,0.02,T,0,0,T,0,,T,0,0,T,,,T,,,T,,,T,,,T,,20x50cm,0.1,,,,,,,,,,,,,,,,,,,,,
,,,,2018,TB,2,3,25,MLLMM,32,1,7.35,7.35,T,1.1,1.1,T,0.3,0.3,T,0.95,0.95,T,0.01,0.01,T,0,0,T,0,,T,0,0,T,,,T,,,T,,,T,,,T,,20x50cm,0.1,,,,,,,,,,,,,,,,,,,,,
,,,,2018,TB,2,3,25,MLLMM,32,2,4.94,4.94,T,1.72,1.72,T,2.03,2.03,T,1.23,1.23,T,0.01,0.01,T,0.02,0.02,T,0,,T,0,0,T,,,T,,,T,,,T,,,T,,20x50cm,0.1,,,,,,,,,,,,,,,,,,,,,
,,,,2018,TB,2,3,75,MLLMM,33,1,8.9,8.9,T,1.65,1.65,T,0.5,0.5,T,1.8,1.8,T,0,0,T,0.05,0.05,T,0,,T,0,0,T,,,T,,,T,,,T,,,T,,20x50cm,0.1,,,,,,,,,,,,,,,,,,,,,
,,,,2018,TB,2,3,75,MLLMM,33,2,8.65,8.65,T,1.45,1.45,T,0.15,0.15,T,4.25,4.25,T,0,0,T,0.05,0.05,T,0,,T,0,0,T,,,T,,,T,,,T,,,T,,20x50cm,0.1,,,,,,,,,,,,,,,,,,,,,
,,,,2018,TB,2,3,1,MLLMM,34,1,3.35,3.35,T,3.95,3.95,T,1.55,1.55,T,0.85,0.85,T,0.02,0.02,T,0.02,0.02,T,0,,T,0,0,T,,,T,,,T,,,T,,,T,,20x50cm,0.1,,,,,,,,,,,,,,,,,,,,,
,,,,2018,TB,2,3,1,MLLMM,34,2,4.75,4.75,T,3,3,T,2.55,2.55,T,1.95,1.95,T,0.01,0.01,T,0.02,0.02,T,0,,T,0,0,T,,,T,,,T,,,T,,,T,,20x50cm,0.1,,,,,,,,,,,,,,,,,,,,,
,,,,2018,TB,2,3,50,MLLMM,35,1,6.8,6.8,T,3.75,3.75,T,0.85,0.85,T,5,5,T,0,0,T,0.1,0.1,T,0,,T,0,0,T,,,T,,,T,,,T,,,T,,20x50cm,0.1,,,,,,,,,,,,,,,,,,,,,
,,,,2018,TB,2,3,50,MLLMM,35,2,4.6,4.6,T,5.2,5.2,T,0.8,0.8,T,1.7,1.7,T,0.01,0.01,T,0.2,0.2,T,0,,T,0,0,T,,,T,,,T,,,T,,,T,,20x50cm,0.1,,,,,,,,,,,,,,,,,,,,,
,,,,2018,TB,2,3,2,MLLMM,36,1,3.25,3.25,T,3.65,3.65,T,2.55,2.55,T,0.75,0.75,T,0,0,T,0.03,0.03,T,0,,T,0,0,T,,,T,,,T,,,T,,,T,,20x50cm,0.1,,,,,,,,,,,,,,,,,,,,,
,,,,2018,TB,2,3,2,MLLMM,36,2,1.05,1.05,T,1.3,1.3,T,1.8,1.8,T,0.9,0.9,T,0,0,T,0.01,0.01,T,0.3,0.3,T,0,0,T,,,T,,,T,,,T,,,T,,20x50cm,0.1,,,,,,,,,,,,,,,,,,,,,
,,,,2018,TB,3,3,25,MLLMM,37,1,12.75,12.75,T,4.05,4.05,T,0.9,0.9,T,1.25,1.25,T,0.03,0.03,T,0.1,0.1,T,0,,T,0,0,T,,,T,,,T,,,T,,,T,,20x50cm,0.1,,,,,,,,,,,,,,,,,,,,,
,,,,2018,TB,3,3,25,MLLMM,37,2,9.9,9.9,T,2.45,2.45,T,0.55,0.55,T,0.8,0.8,T,0.01,0.01,T,0.05,0.05,T,0,,T,0,0,T,,,T,,,T,,,T,,,T,,20x50cm,0.1,,,,,,,,,,,,,,,,,,,,,
,,,,2018,TB,3,3,75,MLLMM,38,1,5.1,5.1,T,5.4,5.4,T,3.15,3.15,T,1.1,1.1,T,0.9,0.9,T,1,1,T,0,,T,0,0,T,,,T,,,T,,,T,,,T,,20x50cm,0.1,,,,,,,,,,,,,,,,,,,,,
,,,,2018,TB,3,3,75,MLLMM,38,2,2.9,2.9,T,5.65,5.65,T,2.95,2.95,T,0.85,0.85,T,0.2,0.2,T,0.4,0.4,T,0,,T,0,0,T,,,T,,,T,,,T,,,T,,20x50cm,0.1,,,,,,,,,,,,,,,,,,,,,
,,,,2018,TB,3,3,1,MLLMM,39,1,8.55,8.55,T,1.15,1.15,T,1.65,1.65,T,4.6,4.6,T,0,0,T,1.6,1.6,T,0,,T,0,0,T,,,T,,,T,,,T,,,T,,20x50cm,0.1,,,,,,,,,,,,,,,,,,,,,
,,,,2018,TB,3,3,1,MLLMM,39,2,14,14,T,0.85,0.85,T,2.2,2.2,T,6.05,6.05,T,0,0,T,1.05,1.05,T,0,,T,0,0,T,,,T,,,T,,,T,,,T,,20x50cm,0.1,,,,,,,,,,,,,,,,,,,,,
,,,,2018,TB,3,3,99,MLLMM,40,1,13.29,13.29,T,1.72,1.72,T,3.63,3.63,T,0.59,0.59,T,0,0,T,1.54,1.54,T,0,,T,0,0,T,,,T,,,T,,,T,,,T,,20x50cm,0.1,,,,,,,,,,,,,,,,,,,,,
,,,,2018,TB,3,3,99,MLLMM,40,2,15.64,15.64,T,1,1,T,2.62,2.62,T,2.11,2.11,T,0,0,T,1.89,1.89,T,0,,T,0,0,T,,,T,,,T,,,T,,,T,,20x50cm,0.1,,,,,,,,,,,,,,,,,,,,,
,,,,2018,TB,3,3,2,MLLMM,41,1,9.8,9.8,T,1.82,1.82,T,0,0,T,4.26,4.26,T,0,0,T,3.45,3.45,T,0,,T,0,0,T,,,T,,,T,,,T,,,T,,20x50cm,0.1,,,,,,,,,,,,,,,,,,,,,
,,,,2018,TB,3,3,2,MLLMM,41,2,10.2,10.2,T,0,0,T,1.95,1.95,T,5.25,5.25,T,0,0,T,2.2,2.2,T,0,,T,0,0,T,,,T,,,T,,,T,,,T,,20x50cm,0.1,,,,,,,,,,,,,,,,,,,,,
,,,,2018,TB,3,3,50,MLLMM,42,1,14.65,14.65,T,0,0,T,0.65,0.65,T,9.4,9.4,T,0,0,T,0.3,0.3,T,0,,T,0,0,T,,,T,,,T,,,T,,,T,,20x50cm,0.1,,,,,,,,,,,,,,,,,,,,,
,,,,2018,TB,3,3,50,MLLMM,42,2,19.55,19.55,T,0,0,T,2,2,T,7.3,7.3,T,0,0,T,0.05,0.05,T,0,,T,0,0,T,,,T,,,T,,,T,,,T,,20x50cm,0.1,,,,,,,,,,,,,,,,,,,,,
,,,,2018,TB,3,2,1,HHMMM,43,1,5.35,5.35,T,6.2,6.2,T,1.2,1.2,T,3.6,3.6,T,0,0,T,0.7,0.7,T,0,,T,0,0,T,,,T,,,T,,,T,,,T,,20x50cm,0.1,,,,,,,,,,,,,,,,,,,,,
,,,,2018,TB,3,2,1,HHMMM,43,2,4.75,4.75,T,7.7,7.7,T,0.6,0.6,T,3.15,3.15,T,0,0,T,0.25,0.25,T,0,,T,0,0,T,,,T,,,T,,,T,,,T,,20x50cm,0.1,,,,,,,,,,,,,,,,,,,,,
,,,,2018,TB,3,2,25,HHMMM,44,1,2.45,2.45,T,9.3,9.3,T,3.9,3.9,T,0.7,0.7,T,0.03,0.03,T,0.2,0.2,T,0,,T,0,0,T,,,T,,,T,,,T,,,T,,20x50cm,0.1,,,,,,,,,,,,,,,,,,,,,
,,,,2018,TB,3,2,25,HHMMM,44,2,4.35,4.35,T,8.3,8.3,T,2.45,2.45,T,1.75,1.75,T,0.02,0.02,T,0.05,0.05,T,0,,T,0,0,T,,,T,,,T,,,T,,,T,,20x50cm,0.1,,,,,,,,,,,,,,,,,,,,,
,,,,2018,TB,3,2,50,HHMMM,45,1,10.73,10.73,T,0,0,T,1.76,1.76,T,2.07,2.07,T,0,0,T,0.29,0.29,T,0,,T,0,0,T,,,T,,,T,,,T,,,T,,20x50cm,0.1,,,,,,,,,,,,,,,,,,,,,
,,,,2018,TB,3,2,50,HHMMM,45,2,10.5,10.5,T,0.02,0.02,T,1.8,1.8,T,1.9,1.9,T,0,0,T,0.35,0.35,T,0,,T,0,0,T,,,T,,,T,,,T,,,T,,20x50cm,0.1,,,,,,,,,,,,,,,,,,,,,
,,,,2018,TB,3,2,75,HHMMM,46,1,10.45,10.45,T,0.05,0.05,T,1.15,1.15,T,3.4,3.4,T,0,0,T,0.7,0.7,T,0,,T,0,0,T,,,T,,,T,,,T,,,T,,20x50cm,0.1,,,,,,,,,,,,,,,,,,,,,
,,,,2018,TB,3,2,75,HHMMM,46,2,14.56,14.56,T,0.16,0.16,T,0.56,0.56,T,3.73,3.73,T,0,0,T,0.79,0.79,T,0,,T,0,0,T,,,T,,,T,,,T,,,T,,20x50cm,0.1,,,,,,,,,,,,,,,,,,,,,
,,,,2018,TB,3,2,99,HHMMM,47,1,17.65,17.65,T,0,0,T,0.62,0.62,T,3.6,3.6,T,0,0,T,0.38,0.38,T,0,,T,0,0,T,,,T,,,T,,,T,,,T,,20x50cm,0.1,,,,,,,,,,,,,,,,,,,,,
,,,,2018,TB,3,2,99,HHMMM,47,2,18.78,18.78,T,0,0,T,0.3,0.3,T,2.15,2.15,T,0,0,T,0.44,0.44,T,0,,T,0,0,T,,,T,,,T,,,T,,,T,,20x50cm,0.1,,,,,,,,,,,,,,,,,,,,,
,,,,2018,TB,3,2,2,HHMMM,48,1,9.85,9.85,T,0,0,T,0.95,0.95,T,1.6,1.6,T,0,0,T,0.2,0.2,T,0,,T,0,0,T,,,T,,,T,,,T,,,T,,20x50cm,0.1,,,,,,,,,,,,,,,,,,,,,
,,,,2018,TB,3,2,2,HHMMM,48,2,16.75,16.75,T,0,0,T,1,1,T,4,4,T,0,0,T,0.15,0.15,T,0,,T,0,0,T,,,T,,,T,,,T,,,T,,20x50cm,0.1,,,,,,,,,,,,,,,,,,,,,
,,,,2018,TB,3,1,50,MMMMM,49,1,17.5,17.5,T,0,0,T,0.95,0.95,T,4.1,4.1,T,0,0,T,0.7,0.7,T,0,,T,0,0,T,,,T,,,T,,,T,,,T,,20x50cm,0.1,,,,,,,,,,,,,,,,,,,,,
,,,,2018,TB,3,1,50,MMMMM,49,2,13.25,13.25,T,0,0,T,0.7,0.7,T,4.2,4.2,T,0,0,T,0.4,0.4,T,0,,T,0,0,T,,,T,,,T,,,T,,,T,,20x50cm,0.1,,,,,,,,,,,,,,,,,,,,,
,,,,2018,TB,3,1,25,MMMMM,50,1,11.41,11.41,T,0,0,T,0.29,0.29,T,4.24,4.24,T,0,0,T,0.9,0.9,T,0,,T,0,0,T,,,T,,,T,,,T,,,T,,20x50cm,0.1,,,,,,,,,,,,,,,,,,,,,
,,,,2018,TB,3,1,25,MMMMM,50,2,14.34,14.34,T,0,0,T,0.17,0.17,T,5.98,5.98,T,0,0,T,0.68,0.68,T,0,,T,0,0,T,,,T,,,T,,,T,,,T,,20x50cm,0.1,,,,,,,,,,,,,,,,,,,,,
,,,,2018,TB,3,1,99,MMMMM,51,1,15.9,15.9,T,0,0,T,0.05,0.05,T,5.4,5.4,T,0,0,T,0.2,0.2,T,0,,T,0,0,T,,,T,,,T,,,T,,,T,,20x50cm,0.1,,,,,,,,,,,,,,,,,,,,,
,,,,2018,TB,3,1,99,MMMMM,51,2,14.7,14.7,T,0,0,T,0.35,0.35,T,4.8,4.8,T,0,0,T,0.9,0.9,T,0,,T,0,0,T,,,T,,,T,,,T,,,T,,20x50cm,0.1,,,,,,,,,,,,,,,,,,,,,
,,,,2018,TB,3,1,1,MMMMM,52,1,14,14,T,0,0,T,0.1,0.1,T,8.9,8.9,T,0,0,T,0.2,0.2,T,0,,T,0,0,T,,,T,,,T,,,T,,,T,,20x50cm,0.1,,,,,,,,,,,,,,,,,,,,,
,,,,2018,TB,3,1,1,MMMMM,52,2,12.26,12.26,T,0,0,T,0.22,0.22,T,4.5,4.5,T,0,0,T,0.11,0.11,T,0,,T,0,0,T,,,T,,,T,,,T,,,T,,20x50cm,0.1,,,,,,,,,,,,,,,,,,,,,
,,,,2018,TB,3,1,2,MMMMM,53,1,12.1,12.1,T,0,0,T,0.1,0.1,T,6.15,6.15,T,0,0,T,0.4,0.4,T,0,,T,0,0,T,,,T,,,T,,,T,,,T,,20x50cm,0.1,,,,,,,,,,,,,,,,,,,,,
,,,,2018,TB,3,1,2,MMMMM,53,2,10.6,10.6,T,0.1,0.1,T,0.2,0.2,T,4.05,4.05,T,0,0,T,0.45,0.45,T,0,,T,0,0,T,,,T,,,T,,,T,,,T,,20x50cm,0.1,,,,,,,,,,,,,,,,,,,,,
,,,,2018,TB,3,1,75,MMMMM,54,1,11.2,11.2,T,0,0,T,1.25,1.25,T,2.75,2.75,T,0,0,T,0.25,0.25,T,0,,T,0,0,T,,,T,,,T,,,T,,,T,,20x50cm,0.1,,,,,,,,,,,,,,,,,,,,,
,,,,2018,TB,3,1,75,MMMMM,54,2,8.75,8.75,T,0,0,T,0.6,0.6,T,1.9,1.9,T,0,0,T,0.15,0.15,T,0,,T,0,0,T,,,T,,,T,,,T,,,T,,20x50cm,0.1,,,,,,,,,,,,,,,,,,,,,
"John, Lauren, Anna, Alec",JDD,JDD,7/28/2020,2020,TB,1,2,75,HHMMM,1,1,3.85,3.85,T,0.51,0.51,T,0.02,0.02,T,3.95,3.95,T,0.3,0.3,T,0.1,0.1,T,0,0,T,0,0,T,3.36,3.36,T,2,2,T,2,2,T,0,0,T,,20x50cm,0.1,,,,,,,,,,,,,,,,,,,,,
"John, Lauren, Anna, Alec",JDD,JDD,7/28/2020,2020,TB,1,2,75,HHMMM,1,2,1.81,1.81,T,0.9,0.9,T,0.02,0.02,T,4.24,4.24,T,0.25,0.25,T,0.24,0.24,T,0,0,T,0,0,T,3.75,3.75,T,5,5,T,3,3,T,0,0,T,,20x50cm,0.1,,,,,,,,,,,,,,,,,,,,,
"John, Lauren, Anna, Alec",JDD,JDD,7/28/2020,2020,TB,1,2,99,HHMMM,2,1,0.84,0.84,T,3.24,3.24,T,0.39,0.39,T,11.4,11.4,T,0.06,0.06,T,0.07,0.07,T,0,0,T,2.34,2.34,T,2.99,2.99,T,0,0,T,0,0,T,0,0,T,,20x50cm,0.1,,,,,,,,,,,,,,,,,,,,,
"John, Lauren, Anna, Alec",JDD,JDD,7/28/2020,2020,TB,1,2,99,HHMMM,2,2,0.72,0.72,T,1.82,1.82,T,0.29,0.29,T,4.21,4.21,T,0.07,0.07,T,0.07,0.07,T,0,0,T,1.4,1.4,T,3.3,3.3,T,0,0,T,0,0,T,0,0,T,,20x50cm,0.1,,,,,,,,,,,,,,,,,,,,,
"John, Lauren, Anna, Alec",JDD,JDD,7/28/2020,2020,TB,1,2,1,HHMMM,3,1,3.53,3.53,T,2.9,2.9,T,0.08,0.08,T,3.49,3.49,T,0.09,0.09,T,0.1,0.1,T,0,0,T,0,0,T,3.26,3.26,T,0,0,T,0,0,T,0,0,T,,20x50cm,0.1,,,,,,,,,,,,,,,,,,,,,
"John, Lauren, Anna, Alec",JDD,JDD,7/28/2020,2020,TB,1,2,1,HHMMM,3,2,1.93,1.93,T,3.6,3.6,T,0.47,0.47,T,3.51,3.51,T,0.09,0.09,T,0.06,0.06,T,0,0,T,0,0,T,0.45,0.45,T,0,0,T,0,0,T,0,0,T,,20x50cm,0.1,,,,,,,,,,,,,,,,,,,,,
"John, Lauren, Anna, Alec",JDD,JDD,7/28/2020,2020,TB,1,2,2,HHMMM,4,1,3.56,3.56,T,0.5,0.5,T,0.05,0.05,T,1.96,1.96,T,0.01,0.01,T,1.74,1.74,T,0,0,T,0,0,T,11.69,11.69,T,0,0,T,0,0,T,0,0,T,SD ARTR 15%,20x50cm,0.1,,,,,,,,,,,,,,,,,,,,,
"John, Lauren, Anna, Alec",JDD,JDD,7/28/2020,2020,TB,1,2,2,HHMMM,4,2,2.23,2.23,T,0.14,0.14,T,0,0,T,1.81,1.81,T,0.01,0.01,T,2.21,2.21,T,0,0,T,0,0,T,12.77,12.77,T,0,0,T,0,0,T,0,0,T,SD ARTR 1%,20x50cm,0.1,,,,,,,,,,,,,,,,,,,,,
"John, Lauren, Anna, Alec",JDD,JDD,7/28/2020,2020,TB,1,2,50,HHMMM,5,1,2.56,2.56,T,0.04,0.04,T,0,0,T,2.44,2.44,T,0.06,0.06,T,4.56,4.56,T,0,0,T,0,0,T,12.75,12.75,T,0,0,T,0,0,T,1,1,T,,20x50cm,0.1,,,,,,,,,,,,,,,,,,,,,
"John, Lauren, Anna, Alec",JDD,JDD,7/28/2020,2020,TB,1,2,50,HHMMM,5,2,4.97,4.97,T,0,0,T,0.02,0.02,T,6.53,6.53,T,0.21,0.21,T,2.29,2.29,T,0,0,T,0,0,T,6.46,6.46,T,0,0,T,0,0,T,0,0,T,,20x50cm,0.1,,,,,,,,,,,,,,,,,,,,,
"John, Lauren, Anna, Alec",JDD,JDD,7/28/2020,2020,TB,1,2,25,HHMMM,6,1,3.54,3.54,T,0,0,T,0.01,0.01,T,2.16,2.16,T,0.43,0.43,T,2.24,2.24,T,0,0,T,0,0,T,10.12,10.12,T,0,0,T,0,0,T,0,0,T,,20x50cm,0.1,,,,,,,,,,,,,,,,,,,,,
"John, Lauren, Anna, Alec",JDD,JDD,7/28/2020,2020,TB,1,2,25,HHMMM,6,2,7.72,7.72,T,0.8,0.8,T,0.66,0.66,T,6.66,6.66,T,0.38,0.38,T,2.42,2.42,T,0,0,T,0,0,T,14.9,14.9,T,0,0,T,0,0,T,0,0,T,,20x50cm,0.1,,,,,,,,,,,,,,,,,,,,,
"John, Lauren, Anna, Alec",JDD,JDD,7/28/2020,2020,TB,1,3,2,MLLMM,7,1,1.06,1.06,T,2.34,2.34,T,0.19,0.19,T,2.79,2.79,T,0.03,0.03,T,1.2,1.2,T,0,0,T,0,0,T,1.24,1.24,T,0,0,T,0,0,T,5,5,T,,20x50cm,0.1,,,,,,,,,,,,,,,,,,,,,
"John, Lauren, Anna, Alec",JDD,JDD,7/28/2020,2020,TB,1,3,2,MLLMM,7,2,0.82,0.82,T,1.97,1.97,T,0.11,0.11,T,1.63,1.63,T,0.04,0.04,T,1.24,1.24,T,0,0,T,0,0,T,0.93,0.93,T,0,0,T,0,0,T,0,0,T,,20x50cm,0.1,,,,,,,,,,,,,,,,,,,,,
"John, Lauren, Anna, Alec",JDD,JDD,7/28/2020,2020,TB,1,3,75,MLLMM,8,1,0.54,0.54,T,1.59,1.59,T,2.02,2.02,T,2.07,2.07,T,0.01,0.01,T,0.02,0.02,T,0,0,T,0.94,0.94,T,1.21,1.21,T,0,0,T,0,0,T,0,0,T,,20x50cm,0.1,,,,,,,,,,,,,,,,,,,,,
"John, Lauren, Anna, Alec",JDD,JDD,7/28/2020,2020,TB,1,3,75,MLLMM,8,2,1.63,1.63,T,1.41,1.41,T,0.01,0.01,T,2.35,2.35,T,0.01,0.01,T,0.15,0.15,T,0,0,T,0,0,T,0.72,0.72,T,0,0,T,0,0,T,0,0,T,,20x50cm,0.1,,,,,,,,,,,,,,,,,,,,,
"John, Lauren, Anna, Alec",JDD,JDD,7/28/2020,2020,TB,1,3,1,MLLMM,9,1,0.84,0.84,T,1.85,1.85,T,0.01,0.01,T,2.82,2.82,T,0.01,0.01,T,0,0,T,0,0,T,3.76,3.76,T,0.56,0.56,T,0,0,T,0,0,T,0,0,T,,20x50cm,0.1,,,,,,,,,,,,,,,,,,,,,
"John, Lauren, Anna, Alec",JDD,JDD,7/28/2020,2020,TB,1,3,1,MLLMM,9,2,0.89,0.89,T,2.16,2.16,T,0.02,0.02,T,6.74,6.74,T,0.02,0.02,T,0,0,T,0,0,T,0.19,0.19,T,0.59,0.59,T,<1,<1,T,1,1,T,0,0,T,,20x50cm,0.1,,,,,,,,,,,,,,,,,,,,,
"John, Lauren, Anna, Alec",JDD,JDD,7/28/2020,2020,TB,1,3,99,MLLMM,10,1,3.05,3.05,T,0.58,0.58,T,0,0,T,2.08,2.08,T,0,0,T,0.02,0.02,T,0,0,T,0,0,T,1.82,1.82,T,0,0,T,0,0,T,0,0,T,litter is 30% wood,20x50cm,0.1,,,,,,,,,,,,,,,,,,,,,
"John, Lauren, Anna, Alec",JDD,JDD,7/28/2020,2020,TB,1,3,99,MLLMM,10,2,1.68,1.68,T,1.24,1.24,T,0,0,T,2.62,2.62,T,0.02,0.02,T,0.07,0.07,T,0,0,T,0,0,T,1.78,1.78,T,0,0,T,0,0,T,0,0,T,,20x50cm,0.1,,,,,,,,,,,,,,,,,,,,,
"John, Lauren, Anna, Alec",JDD,JDD,7/28/2020,2020,TB,1,3,50,MLLMM,11,1,3.65,3.65,T,0.48,0.48,T,0,0,T,6.21,6.21,T,0,0,T,0.07,0.07,T,0,0,T,0,0,T,2.55,2.55,T,5,5,T,3,3,T,0,0,T,,20x50cm,0.1,,,,,,,,,,,,,,,,,,,,,
"John, Lauren, Anna, Alec",JDD,JDD,7/28/2020,2020,TB,1,3,50,MLLMM,11,2,2.93,2.93,T,0.88,0.88,T,0.03,0.03,T,3.03,3.03,T,0.01,0.01,T,0.01,0.01,T,0,0,T,0,0,T,4.79,4.79,T,0,0,T,0,0,T,0,0,T,,20x50cm,0.1,,,,,,,,,,,,,,,,,,,,,
"John, Lauren, Anna, Alec",JDD,JDD,7/28/2020,2020,TB,1,3,25,MLLMM,12,1,2.16,2.16,T,4.9,4.9,T,0.05,0.05,T,3.84,3.84,T,0,0,T,0.03,0.03,T,0,0,T,0,0,T,2.01,2.01,T,0,0,T,0,0,T,0,0,T,,20x50cm,0.1,,,,,,,,,,,,,,,,,,,,,
"John, Lauren, Anna, Alec",JDD,JDD,7/28/2020,2020,TB,1,3,25,MLLMM,12,2,0.46,0.46,T,2.22,2.22,T,0.03,0.03,T,2.11,2.11,T,0,0,T,0.01,0.01,T,0,0,T,0,0,T,0.81,0.81,T,0,0,T,0,0,T,0,0,T,,20x50cm,0.1,,,,,,,,,,,,,,,,,,,,,
"John, Lauren, Anna, Alec",JDD,JDD,7/28/2020,2020,TB,1,1,50,MMMMM,13,1,0.86,0.86,T,0,0,T,0.05,0.05,T,2.55,2.55,T,0.13,0.13,T,4.81,4.81,T,0,0,T,0,0,T,1.9,1.9,T,12,12,T,7,7,T,0,0,T,,20x50cm,0.1,,,,,,,,,,,,,,,,,,,,,
"John, Lauren, Anna, Alec",JDD,JDD,7/28/2020,2020,TB,1,1,50,MMMMM,13,2,0.52,0.52,T,0.01,0.01,T,0,0,T,1.01,1.01,T,0.07,0.07,T,2.96,2.96,T,0,0,T,0,0,T,6.7,6.7,T,0,0,T,0,0,T,0,0,T,,20x50cm,0.1,,,,,,,,,,,,,,,,,,,,,
"John, Lauren, Anna, Alec",JDD,JDD,7/28/2020,2020,TB,1,1,75,MMMMM,14,1,3.41,3.41,T,0.5,0.5,T,0,0,T,3.83,3.83,T,0.01,0.01,T,0.1,0.1,T,0,0,T,0,0,T,7.94,7.94,T,0,0,T,0,0,T,15,15,T,,20x50cm,0.1,,,,,,,,,,,,,,,,,,,,,
"John, Lauren, Anna, Alec",JDD,JDD,7/28/2020,2020,TB,1,1,75,MMMMM,14,2,2.46,2.46,T,0.69,0.69,T,0,0,T,3.55,3.55,T,0.01,0.01,T,0.2,0.2,T,0,0,T,4.7,4.7,T,7.39,7.39,T,0,0,T,0,0,T,0,0,T,,20x50cm,0.1,,,,,,,,,,,,,,,,,,,,,
"John, Lauren, Anna, Alec",JDD,JDD,7/28/2020,2020,TB,1,1,2,MMMMM,15,1,1.54,1.54,T,0.09,0.09,T,0,0,T,1.24,1.24,T,0.01,0.01,T,5.35,5.35,T,0,0,T,0,0,T,4.53,4.53,T,9,9,T,6,6,T,5,5,T,ARTR not rooted in frame,20x50cm,0.1,,,,,,,,,,,,,,,,,,,,,
"John, Lauren, Anna, Alec",JDD,JDD,7/28/2020,2020,TB,1,1,2,MMMMM,15,2,2.71,2.71,T,0.04,0.04,T,0,0,T,1.76,1.76,T,0.2,0.2,T,3.38,3.38,T,0,0,T,0,0,T,4.36,4.36,T,4,4,T,4,4,T,18,18,T,,20x50cm,0.1,,,,,,,,,,,,,,,,,,,,,
"John, Lauren, Anna, Alec",JDD,JDD,7/28/2020,2020,TB,1,1,25,MMMMM,16,1,3.95,3.95,T,1.33,1.33,T,0.19,0.19,T,4.64,4.64,T,0.05,0.05,T,1.73,1.73,T,0,0,T,0,0,T,6.31,6.31,T,0,0,T,0,0,T,5,5,T,,20x50cm,0.1,,,,,,,,,,,,,,,,,,,,,
"John, Lauren, Anna, Alec",JDD,JDD,7/28/2020,2020,TB,1,1,25,MMMMM,16,2,3.24,3.24,T,2.17,2.17,T,0.02,0.02,T,6.14,6.14,T,1.13,1.13,T,1.42,1.42,T,0,0,T,0,0,T,3.03,3.03,T,0,0,T,0,0,T,0,0,T,,20x50cm,0.1,,,,,,,,,,,,,,,,,,,,,
"John, Lauren, Anna, Alec",JDD,JDD,7/28/2020,2020,TB,1,1,1,MMMMM,17,1,4.14,4.14,T,0.62,0.62,T,0.15,0.15,T,1.93,1.93,T,0.05,0.05,T,0.22,0.22,T,0,0,T,0,0,T,1.22,1.22,T,0,0,T,0,0,T,0,0,T,,20x50cm,0.1,,,,,,,,,,,,,,,,,,,,,
"John, Lauren, Anna, Alec",JDD,JDD,7/28/2020,2020,TB,1,1,1,MMMMM,17,2,4.74,4.74,T,0.96,0.96,T,0.01,0.01,T,3.27,3.27,T,0.04,0.04,T,0.22,0.22,T,0,0,T,0,0,T,3.44,3.44,T,5,5,T,1,1,T,0,0,T,,20x50cm,0.1,,,,,,,,,,,,,,,,,,,,,
"John, Lauren, Anna, Alec",JDD,JDD,7/28/2020,2020,TB,1,1,99,MMMMM,18,1,4.55,4.55,T,0.61,0.61,T,0,0,T,7.73,7.73,T,0.05,0.05,T,0.95,0.95,T,0,0,T,0,0,T,8.6,8.6,T,0,0,T,0,0,T,0,0,T,,20x50cm,0.1,,,,,,,,,,,,,,,,,,,,,
"John, Lauren, Anna, Alec",JDD,JDD,7/28/2020,2020,TB,1,1,99,MMMMM,18,2,4.5,4.5,T,2.25,2.25,T,0.82,0.82,T,7.33,7.33,T,0.02,0.02,T,0.4,0.4,T,0,0,T,0,0,T,6.59,6.59,T,0,0,T,0,0,T,0,0,T,,20x50cm,0.1,,,,,,,,,,,,,,,,,,,,,
"John, Lauren, Anna, Alec",JDD,JDD,7/28/2020,2020,TB,2,2,50,HHMMM,19,1,2.93,2.93,T,1.28,1.28,T,0.01,0.01,T,2.99,2.99,T,0,0,T,0.08,0.08,T,0,0,T,0.28,0.28,T,1.49,1.49,T,0,0,T,0,0,T,0,0,T,,20x50cm,0.1,,,,,,,,,,,,,,,,,,,,,
"John, Lauren, Anna, Alec",JDD,JDD,7/28/2020,2020,TB,2,2,50,HHMMM,19,2,2.09,2.09,T,0.42,0.42,T,0,0,T,4.1,4.1,T,0,0,T,0.03,0.03,T,0,0,T,0,0,T,2.59,2.59,T,1,1,T,1,1,T,0,0,T,,20x50cm,0.1,,,,,,,,,,,,,,,,,,,,,
"John, Lauren, Anna, Alec",JDD,JDD,7/28/2020,2020,TB,2,2,2,HHMMM,20,1,2.95,2.95,T,0.94,0.94,T,0.09,0.09,T,2.03,2.03,T,0.01,0.01,T,0,0,T,0,0,T,0,0,T,1.45,1.45,T,3,3,T,2,2,T,0,0,T,SD OPPO 6 pads,20x50cm,0.1,,,,,,,,,,,,,,,,,,,,,
"John, Lauren, Anna, Alec",JDD,JDD,7/28/2020,2020,TB,2,2,2,HHMMM,20,2,2.71,2.71,T,1.1,1.1,T,0,0,T,2.68,2.68,T,0,0,T,0.02,0.02,T,0,0,T,0,0,T,1.72,1.72,T,15,15,T,3,3,T,0,0,T,SD OPPO  2 pads,20x50cm,0.1,,,,,,,,,,,,,,,,,,,,,
"John, Lauren, Anna, Alec",JDD,JDD,7/28/2020,2020,TB,2,2,99,HHMMM,21,1,0.7,0.7,T,0.66,0.66,T,1.53,1.53,T,1.72,1.72,T,0,0,T,0,0,T,0.01,0.01,T,0,0,T,0.31,0.31,T,0,0,T,0,0,T,0,0,T,,20x50cm,0.1,,,,,,,,,,,,,,,,,,,,,
"John, Lauren, Anna, Alec",JDD,JDD,7/28/2020,2020,TB,2,2,99,HHMMM,21,2,0.74,0.74,T,0.77,0.77,T,0.3,0.3,T,1.79,1.79,T,0,0,T,0,0,T,0.05,0.05,T,0,0,T,0.5,0.5,T,<1,<1,T,3,3,T,0,0,T,OPPO are seedlings,20x50cm,0.1,,,,,,,,,,,,,,,,,,,,,
"John, Lauren, Anna, Alec",JDD,JDD,7/28/2020,2020,TB,2,2,75,HHMMM,22,1,0.74,0.74,T,0.76,0.76,T,0.08,0.08,T,2.66,2.66,T,0.01,0.01,T,0,0,T,0,0,T,0.09,0.09,T,1.67,1.67,T,0,0,T,0,0,T,0,0,T,,20x50cm,0.1,,,,,,,,,,,,,,,,,,,,,
"John, Lauren, Anna, Alec",JDD,JDD,7/28/2020,2020,TB,2,2,75,HHMMM,22,2,0.56,0.56,T,0.54,0.54,T,0.48,0.48,T,1.35,1.35,T,0,0,T,0.01,0.01,T,0,0,T,0,0,T,2.24,2.24,T,10,10,T,5,5,T,0,0,T,,20x50cm,0.1,,,,,,,,,,,,,,,,,,,,,
"John, Lauren, Anna, Alec",JDD,JDD,7/28/2020,2020,TB,2,2,1,HHMMM,23,1,2.14,2.14,T,1.22,1.22,T,0.01,0.01,T,1.52,1.52,T,0,0,T,0.01,0.01,T,0,0,T,0.01,0.01,T,0.59,0.59,T,0,0,T,0,0,T,0,0,T,,20x50cm,0.1,,,,,,,,,,,,,,,,,,,,,
"John, Lauren, Anna, Alec",JDD,JDD,7/28/2020,2020,TB,2,2,1,HHMMM,23,2,2.69,2.69,T,0.88,0.88,T,0.04,0.04,T,1.7,1.7,T,0,0,T,0,0,T,0,0,T,1.88,1.88,T,0.35,0.35,T,0,0,T,0,0,T,0,0,T,,20x50cm,0.1,,,,,,,,,,,,,,,,,,,,,
"John, Lauren, Anna, Alec",JDD,JDD,7/28/2020,2020,TB,2,2,25,HHMMM,24,1,0.65,0.65,T,1.69,1.69,T,0.01,0.01,T,1.22,1.22,T,0,0,T,0,0,T,0,0,T,0.49,0.49,T,0.68,0.68,T,0,0,T,0,0,T,0,0,T,,20x50cm,0.1,,,,,,,,,,,,,,,,,,,,,
"John, Lauren, Anna, Alec",JDD,JDD,7/28/2020,2020,TB,2,2,25,HHMMM,24,2,0.43,0.43,T,1.16,1.16,T,0,0,T,0.7,0.7,T,0,0,T,0,0,T,0,0,T,1.12,1.12,T,0.9,0.9,T,0,0,T,0,0,T,0,0,T,,20x50cm,0.1,,,,,,,,,,,,,,,,,,,,,
"John, Lauren, Anna, Alec",JDD,JDD,7/28/2020,2020,TB,2,1,1,MMMMM,25,1,2.31,2.31,T,1.93,1.93,T,0,0,T,2.37,2.37,T,0,0,T,0.02,0.02,T,0,0,T,0,0,T,0.66,0.66,T,0,0,T,0,0,T,0,0,T,,20x50cm,0.1,,,,,,,,,,,,,,,,,,,,,
"John, Lauren, Anna, Alec",JDD,JDD,7/28/2020,2020,TB,2,1,1,MMMMM,25,2,0.78,0.78,T,1.14,1.14,T,0.02,0.02,T,1.2,1.2,T,0,0,T,0.02,0.02,T,0,0,T,0,0,T,0.41,0.41,T,0,0,T,0,0,T,0,0,T,,20x50cm,0.1,,,,,,,,,,,,,,,,,,,,,
"John, Lauren, Anna, Alec",JDD,JDD,7/28/2020,2020,TB,2,1,75,MMMMM,26,1,2.2,2.2,T,0.5,0.5,T,0.36,0.36,T,2.24,2.24,T,0,0,T,0,0,T,0,0,T,2.32,2.32,T,0.44,0.44,T,0,0,T,0,0,T,0,0,T,,20x50cm,0.1,,,,,,,,,,,,,,,,,,,,,
"John, Lauren, Anna, Alec",JDD,JDD,7/28/2020,2020,TB,2,1,75,MMMMM,26,2,2.09,2.09,T,0.57,0.57,T,0.09,0.09,T,2.51,2.51,T,0,0,T,0,0,T,0,0,T,0,0,T,0.69,0.69,T,0,0,T,0,0,T,8,8,T,,20x50cm,0.1,,,,,,,,,,,,,,,,,,,,,
"John, Lauren, Anna, Alec",JDD,JDD,7/28/2020,2020,TB,2,1,50,MMMMM,27,1,1.2,1.2,T,1.32,1.32,T,0.23,0.23,T,1.81,1.81,T,0,0,T,0,0,T,0,0,T,0.1,0.1,T,1.26,1.26,T,0,0,T,0,0,T,0,0,T,,20x50cm,0.1,,,,,,,,,,,,,,,,,,,,,
"John, Lauren, Anna, Alec",JDD,JDD,7/28/2020,2020,TB,2,1,50,MMMMM,27,2,0.68,0.68,T,2.95,2.95,T,0.31,0.31,T,4.69,4.69,T,0,0,T,0,0,T,0.63,0.63,T,0,0,T,0.78,0.78,T,0,0,T,0,0,T,0,0,T,,20x50cm,0.1,,,,,,,,,,,,,,,,,,,,,
"John, Lauren, Anna, Alec",JDD,JDD,7/28/2020,2020,TB,2,1,99,MMMMM,28,1,0.3,0.3,T,1.08,1.08,T,0.01,0.01,T,2.78,2.78,T,0.01,0.01,T,0,0,T,0,0,T,0.1,0.1,T,1.14,1.14,T,0,0,T,0,0,T,0,0,T,,20x50cm,0.1,,,,,,,,,,,,,,,,,,,,,
"John, Lauren, Anna, Alec",JDD,JDD,7/28/2020,2020,TB,2,1,99,MMMMM,28,2,0.69,0.69,T,1.25,1.25,T,0,0,T,3.86,3.86,T,0,0,T,0,0,T,0,0,T,0,0,T,1.85,1.85,T,0,0,T,0,0,T,0,0,T,,20x50cm,0.1,,,,,,,,,,,,,,,,,,,,,
"John, Lauren, Anna, Alec",JDD,JDD,7/28/2020,2020,TB,2,1,2,MMMMM,29,1,0.71,0.71,T,1.51,1.51,T,0.09,0.09,T,1.76,1.76,T,0.03,0.03,T,0,0,T,0,0,T,0.5,0.5,T,1.53,1.53,T,0,0,T,0,0,T,0,0,T,,20x50cm,0.1,,,,,,,,,,,,,,,,,,,,,
"John, Lauren, Anna, Alec",JDD,JDD,7/28/2020,2020,TB,2,1,2,MMMMM,29,2,0.73,0.73,T,1.07,1.07,T,3.19,3.19,T,0.65,0.65,T,0.03,0.03,T,0,0,T,0.01,0.01,T,0.66,0.66,T,3.81,3.81,T,0,0,T,0,0,T,0,0,T,,20x50cm,0.1,,,,,,,,,,,,,,,,,,,,,
"John, Lauren, Anna, Alec",JDD,JDD,7/28/2020,2020,TB,2,1,25,MMMMM,30,1,3.46,3.46,T,3.35,3.35,T,0.62,0.62,T,9.04,9.04,T,0.01,0.01,T,0.01,0.01,T,0,0,T,1.51,1.51,T,0.94,0.94,T,0,0,T,0,0,T,0,0,T,,20x50cm,0.1,,,,,,,,,,,,,,,,,,,,,
"John, Lauren, Anna, Alec",JDD,JDD,7/28/2020,2020,TB,2,1,25,MMMMM,30,2,1.7,1.7,T,2.8,2.8,T,0.11,0.11,T,8.07,8.07,T,0,0,T,0,0,T,0,0,T,0.86,0.86,T,0.89,0.89,T,0,0,T,0,0,T,0,0,T,,20x50cm,0.1,,,,,,,,,,,,,,,,,,,,,
"John, Lauren, Anna, Alec",JDD,JDD,7/28/2020,2020,TB,2,3,99,MLLMM,31,1,1.98,1.98,T,1.01,1.01,T,0.05,0.05,T,5.89,5.89,T,0,0,T,0,0,T,0,0,T,0,0,T,2.06,2.06,T,<1,<1,T,1,1,T,10,10,T,ARTR not rooted in frame,20x50cm,0.1,,,,,,,,,,,,,,,,,,,,,
"John, Lauren, Anna, Alec",JDD,JDD,7/28/2020,2020,TB,2,3,99,MLLMM,31,2,1.02,1.02,T,0.68,0.68,T,0,0,T,6.2,6.2,T,0,0,T,0,0,T,0,0,T,0,0,T,1.5,1.5,T,0,0,T,0,0,T,4,4,T,"""spaced 4"" further south due to phenology plant""",20x50cm,0.1,,,,,,,,,,,,,,,,,,,,,
"John, Lauren, Anna, Alec",JDD,JDD,7/28/2020,2020,TB,2,3,25,MLLMM,32,1,3.83,3.83,T,0.67,0.67,T,0.05,0.05,T,1.92,1.92,T,0.01,0.01,T,0,0,T,0,0,T,4.09,4.09,T,1.06,1.06,T,0,0,T,0,0,T,0,0,T,,20x50cm,0.1,,,,,,,,,,,,,,,,,,,,,
"John, Lauren, Anna, Alec",JDD,JDD,7/28/2020,2020,TB,2,3,25,MLLMM,32,2,2.26,2.26,T,1.06,1.06,T,0.45,0.45,T,2.3,2.3,T,0,0,T,0.03,0.03,T,0,0,T,0,0,T,0.73,0.73,T,0,0,T,0,0,T,0,0,T,,20x50cm,0.1,,,,,,,,,,,,,,,,,,,,,
"John, Lauren, Anna, Alec",JDD,JDD,7/28/2020,2020,TB,2,3,75,MLLMM,33,1,2.12,2.12,T,1.57,1.57,T,0,0,T,3.31,3.31,T,0,0,T,0.01,0.01,T,0,0,T,0,0,T,1.34,1.34,T,0,0,T,0,0,T,0,0,T,,20x50cm,0.1,,,,,,,,,,,,,,,,,,,,,
"John, Lauren, Anna, Alec",JDD,JDD,7/28/2020,2020,TB,2,3,75,MLLMM,33,2,4.7,4.7,T,0.98,0.98,T,0,0,T,5.09,5.09,T,0,0,T,0.01,0.01,T,0,0,T,0,0,T,1.28,1.28,T,0,0,T,0,0,T,0,0,T,,20x50cm,0.1,,,,,,,,,,,,,,,,,,,,,
"John, Lauren, Anna, Alec",JDD,JDD,7/28/2020,2020,TB,2,3,1,MLLMM,34,1,0.6,0.6,T,1.35,1.35,T,0.24,0.24,T,1.78,1.78,T,0.01,0.01,T,0,0,T,0,0,T,0.27,0.27,T,0.35,0.35,T,0,0,T,0,0,T,0,0,T,,20x50cm,0.1,,,,,,,,,,,,,,,,,,,,,
"John, Lauren, Anna, Alec",JDD,JDD,7/28/2020,2020,TB,2,3,1,MLLMM,34,2,1.94,1.94,T,0.94,0.94,T,3.1,3.1,T,1.39,1.39,T,0.01,0.01,T,0,0,T,0,0,T,0.3,0.3,T,1.01,1.01,T,0,0,T,0,0,T,0,0,T,,20x50cm,0.1,,,,,,,,,,,,,,,,,,,,,
"John, Lauren, Anna, Alec",JDD,JDD,7/28/2020,2020,TB,2,3,50,MLLMM,35,1,1.92,1.92,T,1.18,1.18,T,0,0,T,3.69,3.69,T,0,0,T,0,0,T,0,0,T,0,0,T,0.37,0.37,T,0,0,T,0,0,T,0,0,T,,20x50cm,0.1,,,,,,,,,,,,,,,,,,,,,
"John, Lauren, Anna, Alec",JDD,JDD,7/28/2020,2020,TB,2,3,50,MLLMM,35,2,1.96,1.96,T,0.88,0.88,T,0,0,T,4.38,4.38,T,0,0,T,0,0,T,0,0,T,0,0,T,0.32,0.32,T,0,0,T,0,0,T,0,0,T,,20x50cm,0.1,,,,,,,,,,,,,,,,,,,,,
"John, Lauren, Anna, Alec",JDD,JDD,7/28/2020,2020,TB,2,3,2,MLLMM,36,1,1.35,1.35,T,1.51,1.51,T,1.14,1.14,T,1.28,1.28,T,0,0,T,0,0,T,0.43,0.43,T,0,0,T,1.09,1.09,T,0,0,T,0,0,T,0,0,T,,20x50cm,0.1,,,,,,,,,,,,,,,,,,,,,
"John, Lauren, Anna, Alec",JDD,JDD,7/28/2020,2020,TB,2,3,2,MLLMM,36,2,0.56,0.56,T,1.78,1.78,T,0.52,0.52,T,1.8,1.8,T,0,0,T,0,0,T,0,0,T,0,0,T,0.96,0.96,T,0,0,T,0,0,T,12,12,T,,20x50cm,0.1,,,,,,,,,,,,,,,,,,,,,
"John, Lauren, Anna, Alec",JDD,JDD,7/28/2020,2020,TB,3,3,25,MLLMM,37,1,1.22,1.22,T,1.38,1.38,T,0.3,0.3,T,6.59,6.59,T,0,0,T,0,0,T,0,0,T,0,0,T,1.2,1.2,T,1,1,T,1,1,T,0,0,T,,20x50cm,0.1,,,,,,,,,,,,,,,,,,,,,
"John, Lauren, Anna, Alec",JDD,JDD,7/28/2020,2020,TB,3,3,25,MLLMM,37,2,1.38,1.38,T,1.09,1.09,T,1.22,1.22,T,4.18,4.18,T,0,0,T,0,0,T,0,0,T,0,0,T,0.75,0.75,T,0,0,T,0,0,T,0,0,T,,20x50cm,0.1,,,,,,,,,,,,,,,,,,,,,
"John, Lauren, Anna, Alec",JDD,JDD,7/28/2020,2020,TB,3,3,75,MLLMM,38,1,1.58,1.58,T,2.88,2.88,T,0.01,0.01,T,4.34,4.34,T,0,0,T,0.26,0.26,T,0,0,T,0,0,T,0.6,0.6,T,0,0,T,0,0,T,0,0,T,,20x50cm,0.1,,,,,,,,,,,,,,,,,,,,,
"John, Lauren, Anna, Alec",JDD,JDD,7/28/2020,2020,TB,3,3,75,MLLMM,38,2,1.6,1.6,T,2.44,2.44,T,0.12,0.12,T,6.65,6.65,T,0,0,T,0.08,0.08,T,0,0,T,0,0,T,2.31,2.31,T,2,2,T,2,2,T,0,0,T,,20x50cm,0.1,,,,,,,,,,,,,,,,,,,,,
"John, Lauren, Anna, Alec",JDD,JDD,7/28/2020,2020,TB,3,3,1,MLLMM,39,1,1.64,1.64,T,1.69,1.69,T,0.34,0.34,T,4.15,4.15,T,0,0,T,0.08,0.08,T,0,0,T,0,0,T,0.68,0.68,T,0,0,T,0,0,T,0,0,T,,20x50cm,0.1,,,,,,,,,,,,,,,,,,,,,
"John, Lauren, Anna, Alec",JDD,JDD,7/28/2020,2020,TB,3,3,1,MLLMM,39,2,2.14,2.14,T,1.52,1.52,T,0.13,0.13,T,4.07,4.07,T,0,0,T,0.06,0.06,T,0,0,T,0,0,T,0.56,0.56,T,0,0,T,0,0,T,0,0,T,,20x50cm,0.1,,,,,,,,,,,,,,,,,,,,,
"John, Lauren, Anna, Alec",JDD,JDD,7/28/2020,2020,TB,3,3,99,MLLMM,40,1,0.7,0.7,T,0.17,0.17,T,0.33,0.33,T,14.4,14.4,T,0,0,T,0.04,0.04,T,0,0,T,0,0,T,2.33,2.33,T,0,0,T,0,0,T,0,0,T,,20x50cm,0.1,,,,,,,,,,,,,,,,,,,,,
"John, Lauren, Anna, Alec",JDD,JDD,7/28/2020,2020,TB,3,3,99,MLLMM,40,2,0.7,0.7,T,0,0,T,0.25,0.25,T,16.88,16.88,T,0,0,T,0.15,0.15,T,0,0,T,0,0,T,2.08,2.08,T,0,0,T,0,0,T,0,0,T,,20x50cm,0.1,,,,,,,,,,,,,,,,,,,,,
"John, Lauren, Anna, Alec",JDD,JDD,7/28/2020,2020,TB,3,3,2,MLLMM,41,1,3.33,3.33,T,0,0,T,0.08,0.08,T,3.04,3.04,T,0,0,T,0.18,0.18,T,0,0,T,0,0,T,6.92,6.92,T,0,0,T,0,0,T,0,0,T,,20x50cm,0.1,,,,,,,,,,,,,,,,,,,,,
"John, Lauren, Anna, Alec",JDD,JDD,7/28/2020,2020,TB,3,3,2,MLLMM,41,2,5.39,5.39,T,0.4,0.4,T,0.05,0.05,T,5.37,5.37,T,0,0,T,0.08,0.08,T,0,0,T,0,0,T,4.91,4.91,T,0,0,T,0,0,T,0,0,T,,20x50cm,0.1,,,,,,,,,,,,,,,,,,,,,
"John, Lauren, Anna, Alec",JDD,JDD,7/28/2020,2020,TB,3,3,50,MLLMM,42,1,3.8,3.8,T,0,0,T,0.45,0.45,T,10.94,10.94,T,0,0,T,0.22,0.22,T,0,0,T,0,0,T,2.98,2.98,T,0,0,T,0,0,T,0,0,T,,20x50cm,0.1,,,,,,,,,,,,,,,,,,,,,
"John, Lauren, Anna, Alec",JDD,JDD,7/28/2020,2020,TB,3,3,50,MLLMM,42,2,3,3,T,0,0,T,0.21,0.21,T,8.23,8.23,T,0,0,T,0.17,0.17,T,0.08,0.08,T,0,0,T,2.48,2.48,T,0,0,T,0,0,T,0,0,T,,20x50cm,0.1,,,,,,,,,,,,,,,,,,,,,
"John, Lauren, Anna, Alec",JDD,JDD,7/28/2020,2020,TB,3,2,1,HHMMM,43,1,1.47,1.47,T,2.13,2.13,T,0.13,0.13,T,6.17,6.17,T,0,0,T,0.23,0.23,T,0,0,T,0,0,T,1.48,1.48,T,0,0,T,0,0,T,1,1,T,,20x50cm,0.1,,,,,,,,,,,,,,,,,,,,,
"John, Lauren, Anna, Alec",JDD,JDD,7/28/2020,2020,TB,3,2,1,HHMMM,43,2,1.61,1.61,T,2.15,2.15,T,0.11,0.11,T,6.79,6.79,T,0,0,T,0.45,0.45,T,0,0,T,0,0,T,1.53,1.53,T,0,0,T,0,0,T,1,1,T,,20x50cm,0.1,,,,,,,,,,,,,,,,,,,,,
"John, Lauren, Anna, Alec",JDD,JDD,7/28/2020,2020,TB,3,2,25,HHMMM,44,1,0.93,0.93,T,1.68,1.68,T,0,0,T,2.27,2.27,T,0,0,T,0,0,T,0,0,T,0,0,T,1.05,1.05,T,3,3,T,1,1,T,0,0,T,,20x50cm,0.1,,,,,,,,,,,,,,,,,,,,,
"John, Lauren, Anna, Alec",JDD,JDD,7/28/2020,2020,TB,3,2,25,HHMMM,44,2,0.91,0.91,T,1.13,1.13,T,0.15,0.15,T,1.3,1.3,T,0,0,T,0,0,T,0,0,T,0,0,T,0.93,0.93,T,0,0,T,0,0,T,0,0,T,,20x50cm,0.1,,,,,,,,,,,,,,,,,,,,,
Alec,JDD,JDD,7/29/2020,2020,TB,3,2,50,HHMMM,45,1,2.26,2.26,T,0,0,T,0.37,0.37,T,2.84,2.84,T,0,0,T,0,0,T,0.42,0.42,T,0,0,T,1.26,1.26,T,0,0,T,0,0,T,0,0,T,,20x50cm,0.1,,,,,,,,,,,,,,,,,,,,,
Alec,JDD,JDD,7/29/2020,2020,TB,3,2,50,HHMMM,45,2,2.28,2.28,T,0,0,T,0.06,0.06,T,2.16,2.16,T,0,0,T,0,0,T,0.57,0.57,T,0,0,T,1.7,1.7,T,0,0,T,0,0,T,0,0,T,,20x50cm,0.1,,,,,,,,,,,,,,,,,,,,,
Alec,JDD,JDD,7/29/2020,2020,TB,3,2,75,HHMMM,46,1,3.21,3.21,T,0,0,T,0.28,0.28,T,2.87,2.87,T,0,0,T,0,0,T,0.33,0.33,T,0,0,T,18.18,18.18,T,0,0,T,0,0,T,5,5,T,,20x50cm,0.1,,,,,,,,,,,,,,,,,,,,,
Alec,JDD,JDD,7/29/2020,2020,TB,3,2,75,HHMMM,46,2,1.94,1.94,T,0,0,T,0.2,0.2,T,1.22,1.22,T,0,0,T,0,0,T,1.04,1.04,T,0,0,T,11.9,11.9,T,0,0,T,0,0,T,0,0,T,,20x50cm,0.1,,,,,,,,,,,,,,,,,,,,,
Alec,JDD,JDD,7/29/2020,2020,TB,3,2,99,HHMMM,47,1,1.47,1.47,T,0,0,T,0.53,0.53,T,5.94,5.94,T,0,0,T,0,0,T,0,0,T,0,0,T,2.49,2.49,T,0,0,T,0,0,T,0,0,T,,20x50cm,0.1,,,,,,,,,,,,,,,,,,,,,
Alec,JDD,JDD,7/29/2020,2020,TB,3,2,99,HHMMM,47,2,1.75,1.75,T,0,0,T,0.49,0.49,T,6.56,6.56,T,0,0,T,0,0,T,0,0,T,0,0,T,1.95,1.95,T,0,0,T,0,0,T,0,0,T,,20x50cm,0.1,,,,,,,,,,,,,,,,,,,,,
Alec,JDD,JDD,7/29/2020,2020,TB,3,2,2,HHMMM,48,1,2.57,2.57,T,0,0,T,0.07,0.07,T,0.86,0.86,T,0,0,T,0,0,T,0,0,T,0,0,T,0.37,0.37,T,0,0,T,0,0,T,0,0,T,,20x50cm,0.1,,,,,,,,,,,,,,,,,,,,,
Alec,JDD,JDD,7/29/2020,2020,TB,3,2,2,HHMMM,48,2,2.81,2.81,T,0,0,T,0.08,0.08,T,1.01,1.01,T,0,0,T,0,0,T,0,0,T,0,0,T,0.53,0.53,T,0,0,T,0,0,T,0,0,T,,20x50cm,0.1,,,,,,,,,,,,,,,,,,,,,
Alec,JDD,JDD,7/29/2020,2020,TB,3,1,50,MMMMM,49,1,3.11,3.11,T,0,0,T,0.12,0.12,T,4.88,4.88,T,0,0,T,0.17,0.17,T,0,0,T,0,0,T,12.24,12.24,T,0,0,T,0,0,T,0,0,T,,20x50cm,0.1,,,,,,,,,,,,,,,,,,,,,
Alec,JDD,JDD,7/29/2020,2020,TB,3,1,50,MMMMM,49,2,3.68,3.68,T,0,0,T,0.16,0.16,T,4.37,4.37,T,0,0,T,0.12,0.12,T,0,0,T,0,0,T,3.62,3.62,T,0,0,T,0,0,T,0,0,T,,20x50cm,0.1,,,,,,,,,,,,,,,,,,,,,
Alec,JDD,JDD,7/29/2020,2020,TB,3,1,25,MMMMM,50,1,2.47,2.47,T,0,0,T,0.07,0.07,T,3.56,3.56,T,0,0,T,0.19,0.19,T,0,0,T,0,0,T,1.65,1.65,T,0,0,T,0,0,T,0,0,T,,20x50cm,0.1,,,,,,,,,,,,,,,,,,,,,
Alec,JDD,JDD,7/29/2020,2020,TB,3,1,25,MMMMM,50,2,2.31,2.31,T,0,0,T,0.03,0.03,T,5.57,5.57,T,0,0,T,0.06,0.06,T,0,0,T,0,0,T,1.89,1.89,T,0,0,T,0,0,T,0,0,T,,20x50cm,0.1,,,,,,,,,,,,,,,,,,,,,
Alec,JDD,JDD,7/29/2020,2020,TB,3,1,99,MMMMM,51,1,2.04,2.04,T,0,0,T,0.03,0.03,T,6.14,6.14,T,0,0,T,0.04,0.04,T,0,0,T,0,0,T,6.63,6.63,T,0,0,T,0,0,T,0,0,T,,20x50cm,0.1,,,,,,,,,,,,,,,,,,,,,
Alec,JDD,JDD,7/29/2020,2020,TB,3,1,99,MMMMM,51,2,2.46,2.46,T,0,0,T,0.02,0.02,T,4.33,4.33,T,0,0,T,0.09,0.09,T,0,0,T,0,0,T,3.22,3.22,T,0,0,T,0,0,T,0,0,T,,20x50cm,0.1,,,,,,,,,,,,,,,,,,,,,
Alec,JDD,JDD,7/29/2020,2020,TB,3,1,1,MMMMM,52,1,3.26,3.26,T,0,0,T,0.02,0.02,T,2.69,2.69,T,0,0,T,0.18,0.18,T,0,0,T,0,0,T,2.84,2.84,T,0,0,T,0,0,T,0,0,T,,20x50cm,0.1,,,,,,,,,,,,,,,,,,,,,
Alec,JDD,JDD,7/29/2020,2020,TB,3,1,1,MMMMM,52,2,3.4,3.4,T,0,0,T,0.03,0.03,T,2.13,2.13,T,0,0,T,0.13,0.13,T,0,0,T,0,0,T,1.13,1.13,T,0,0,T,0,0,T,0,0,T,,20x50cm,0.1,,,,,,,,,,,,,,,,,,,,,
Alec,JDD,JDD,7/29/2020,2020,TB,3,1,2,MMMMM,53,1,3.37,3.37,T,0,0,T,0.04,0.04,T,1.26,1.26,T,0,0,T,0.05,0.05,T,0,0,T,0,0,T,0.82,0.82,T,0,0,T,0,0,T,0,0,T,,20x50cm,0.1,,,,,,,,,,,,,,,,,,,,,
Alec,JDD,JDD,7/29/2020,2020,TB,3,1,2,MMMMM,53,2,2.77,2.77,T,0,0,T,0.05,0.05,T,1.31,1.31,T,0,0,T,0.1,0.1,T,0,0,T,0,0,T,1.6,1.6,T,0,0,T,0,0,T,8,8,T,,20x50cm,0.1,,,,,,,,,,,,,,,,,,,,,
Lauren,JDD,JDD,7/30/2020,2020,TB,3,1,75,MMMMM,54,1,4.38,4.38,T,0,0,T,0.21,0.21,T,6.87,6.87,T,0,0,T,0.02,0.02,T,0,0,T,0,0,T,3.06,3.06,T,0,0,T,0,0,T,0,0,T,,20x50cm,0.1,,,,,,,,,,,,,,,,,,,,,
Lauren,JDD,JDD,7/30/2020,2020,TB,3,1,75,MMMMM,54,2,3.28,3.28,T,0,0,T,0,0,T,7.16,7.16,T,0,0,T,0.09,0.09,T,0,0,T,0,0,T,3.21,3.21,T,0,0,T,0,0,T,0,0,T,,20x50cm,0.1,,,,,,,,,,,,,,,,,,,,,
"John, Lauren, Andrew, Dylan, Sam",JDD,JDD,7/27/2021,2021,TB,1,2,75,HHMMM,1,1,1.81,1.81,T,0.85,0.85,T,0,0,T,0.13,0.13,T,0,0,T,2.02,2.02,T,0,0,T,0,0,T,2.68,2.68,T,0,0,T,0,0,T,0,0,T,brome checked =ok,20x50cm,0.1,,,,,,,,,,,,,,,,,,,,,
"John, Lauren, Andrew, Dylan, Sam",JDD,JDD,7/27/2021,2021,TB,1,2,75,HHMMM,1,2,1.11,1.11,T,0.23,0.23,T,2.86,2.86,T,0.29,0.29,T,0,0,T,1.69,1.69,T,0,0,T,0,0,T,4.31,4.31,T,0,0,T,0,0,T,0,0,T,forb checked= ok,20x50cm,0.1,,,,,,,,,,,,,,,,,,,,,
"John, Lauren, Andrew, Dylan, Sam",JDD,JDD,7/27/2021,2021,TB,1,2,99,HHMMM,2,1,1.27,1.27,T,0.48,0.48,T,0,0,T,0.15,0.15,T,0.15,0.15,T,0.1,0.1,T,0,0,T,0,0,T,1.16,1.16,T,0,0,T,0,0,T,0,0,T,vuoc check = ok,20x50cm,0.1,,,,,,,,,,,,,,,,,,,,,
"John, Lauren, Andrew, Dylan, Sam",JDD,JDD,7/27/2021,2021,TB,1,2,99,HHMMM,2,2,0.96,0.96,T,3.98,3.98,T,0,0,T,0.06,0.06,T,0.09,0.09,T,0.21,0.21,T,0,0,T,0,0,T,2.39,2.39,T,1,1,T,1,1,T,0,0,T,c4 and vuoc check = ok,20x50cm,0.1,,,,,,,,,,,,,,,,,,,,,
"John, Lauren, Andrew, Dylan, Sam",JDD,JDD,7/27/2021,2021,TB,1,2,1,HHMMM,3,1,4.3,4.3,T,2.2,2.2,T,0.05,0.05,T,10.28,10.28,T,0.39,0.39,T,0.1,0.1,T,0,0,T,0,0,T,7.38,7.38,T,0,0,T,0,0,T,0,0,T,sd and vuoc checked = ok,20x50cm,0.1,,,,,,,,,,,,,,,,,,,,,
"John, Lauren, Andrew, Dylan, Sam",JDD,JDD,7/27/2021,2021,TB,1,2,1,HHMMM,3,2,3.7,3.7,T,3.03,3.03,T,0,0,T,4.82,4.82,T,0.32,0.32,T,0.1,0.1,T,0,0,T,0,0,T,17.42,17.42,T,0,0,T,0,0,T,0,0,T,"sd , litter and vuoc checked = ok",20x50cm,0.1,,,,,,,,,,,,,,,,,,,,,
"John, Lauren, Andrew, Dylan, Sam",JDD,JDD,7/27/2021,2021,TB,1,2,2,HHMMM,4,1,4.61,4.61,T,0.84,0.84,T,0,0,T,1.65,1.65,T,0.05,0.05,T,1.3,1.3,T,0,0,T,0,0,T,9.65,9.65,T,0,0,T,0,0,T,0,0,T,vuoc checked = ok,20x50cm,0.1,,,,,,,,,,,,,,,,,,,,,
"John, Lauren, Andrew, Dylan, Sam",JDD,JDD,7/27/2021,2021,TB,1,2,2,HHMMM,4,2,2.93,2.93,T,1.65,1.65,T,0,0,T,4.1,4.1,T,0.02,0.02,T,2.16,2.16,T,0,0,T,0,0,T,6.42,6.42,T,0,0,T,0,0,T,0,0,T,brome checked =ok,20x50cm,0.1,,,,,,,,,,,,,,,,,,,,,
"John, Lauren, Andrew, Dylan, Sam",JDD,JDD,7/27/2021,2021,TB,1,2,50,HHMMM,5,1,5.92,5.92,T,0.35,0.35,T,0,0,T,1.61,1.61,T,0.03,0.03,T,1.64,1.64,T,0,0,T,0,0,T,25.01,25.01,T,1,1,T,2,2,T,0,0,T,"1% SD OPPO, vuoc and litter checked = ok",20x50cm,0.1,,,,,,,,,,,,,,,,,,,,,
"John, Lauren, Andrew, Dylan, Sam",JDD,JDD,7/27/2021,2021,TB,1,2,50,HHMMM,5,2,5.61,5.61,T,0,0,T,0,0,T,1.55,1.55,T,0.01,0.01,T,3.19,3.19,T,0,0,T,0,0,T,51.78,51.78,T,3,3,T,5,5,T,0,0,T,"1% SD OPPO, brome and litter checked = ok",20x50cm,0.1,,,,,,,,,,,,,,,,,,,,,
"John, Lauren, Andrew, Dylan, Sam",JDD,JDD,7/27/2021,2021,TB,1,2,25,HHMMM,6,1,3.01,3.01,T,4,4,T,0.04,0.04,T,4.95,4.95,T,0.02,0.02,T,3.81,3.81,T,0,0,T,0,0,T,5.9,5.9,T,0,0,T,0,0,T,0,0,T,"sd, c4 and brome checked = ok",20x50cm,0.1,,,,,,,,,,,,,,,,,,,,,
"John, Lauren, Andrew, Dylan, Sam",JDD,JDD,7/27/2021,2021,TB,1,2,25,HHMMM,6,2,3.52,3.52,T,1.69,1.69,T,0.04,0.04,T,2.37,2.37,T,0.07,0.07,T,3.68,3.68,T,0,0,T,0,0,T,7.51,7.51,T,0,0,T,0,0,T,0,0,T,brome and vuoc checked = ok,20x50cm,0.1,,,,,,,,,,,,,,,,,,,,,
"John, Lauren, Andrew, Dylan, Sam",JDD,JDD,7/27/2021,2021,TB,1,3,2,MLLMM,7,1,1.96,1.96,T,0.58,0.58,T,0.03,0.03,T,0.38,0.38,T,0,0,T,1.86,1.86,T,0,0,T,0,0,T,0.83,0.83,T,0,0,T,0,0,T,0,0,T,,20x50cm,0.1,,,,,,,,,,,,,,,,,,,,,
"John, Lauren, Andrew, Dylan, Sam",JDD,JDD,7/27/2021,2021,TB,1,3,2,MLLMM,7,2,0.78,0.78,T,0.57,0.57,T,0.03,0.03,T,0.25,0.25,T,0,0,T,1.45,1.45,T,0,0,T,0,0,T,2.9,2.9,T,4,4,T,2,2,T,0,0,T,,20x50cm,0.1,,,,,,,,,,,,,,,,,,,,,
"John, Lauren, Andrew, Dylan, Sam",JDD,JDD,7/27/2021,2021,TB,1,3,75,MLLMM,8,1,0.53,0.53,T,1.74,1.74,T,0.08,0.08,T,0.15,0.15,T,0.01,0.01,T,0.3,0.3,T,0,0,T,0,0,T,0.87,0.87,T,0,0,T,0,0,T,0,0,T,,20x50cm,0.1,,,,,,,,,,,,,,,,,,,,,
"John, Lauren, Andrew, Dylan, Sam",JDD,JDD,7/27/2021,2021,TB,1,3,75,MLLMM,8,2,0.36,0.36,T,2.23,2.23,T,0.03,0.03,T,0.73,0.73,T,0.01,0.01,T,0.05,0.05,T,0,0,T,0,0,T,1.72,1.72,T,0,0,T,0,0,T,0,0,T,,20x50cm,0.1,,,,,,,,,,,,,,,,,,,,,
"John, Lauren, Andrew, Dylan, Sam",JDD,JDD,7/27/2021,2021,TB,1,3,1,MLLMM,9,1,0.23,0.23,T,2.82,2.82,T,0.01,0.01,T,2.11,2.11,T,0,0,T,0,0,T,0,0,T,0.12,0.12,T,1.33,1.33,T,0,0,T,0,0,T,0,0,T,,20x50cm,0.1,,,,,,,,,,,,,,,,,,,,,
"John, Lauren, Andrew, Dylan, Sam",JDD,JDD,7/27/2021,2021,TB,1,3,1,MLLMM,9,2,0.81,0.81,T,3.85,3.85,T,0.13,0.13,T,4.37,4.37,T,0,0,T,0,0,T,0,0,T,3.05,3.05,T,0.74,0.74,T,1,1,T,1,1,T,0,0,T,sd and ARFR checked = ok,20x50cm,0.1,,,,,,,,,,,,,,,,,,,,,
"John, Lauren, Andrew, Dylan, Sam",JDD,JDD,7/27/2021,2021,TB,1,3,99,MLLMM,10,1,0.52,0.52,T,0.77,0.77,T,0.04,0.04,T,0.29,0.29,T,0,0,T,0.25,0.25,T,0,0,T,0,0,T,0.45,0.45,T,0,0,T,0,0,T,0,0,T,,20x50cm,0.1,,,,,,,,,,,,,,,,,,,,,
"John, Lauren, Andrew, Dylan, Sam",JDD,JDD,7/27/2021,2021,TB,1,3,99,MLLMM,10,2,1.41,1.41,T,0.69,0.69,T,0.28,0.28,T,0.17,0.17,T,0,0,T,0.17,0.17,T,0,0,T,0,0,T,0.98,0.98,T,0,0,T,0,0,T,0,0,T,,20x50cm,0.1,,,,,,,,,,,,,,,,,,,,,
"John, Lauren, Andrew, Dylan, Sam",JDD,JDD,7/27/2021,2021,TB,1,3,50,MLLMM,11,1,1.68,1.68,T,2.48,2.48,T,0.05,0.05,T,2.8,2.8,T,0.01,0.01,T,1.43,1.43,T,0,0,T,0,0,T,2.72,2.72,T,0,0,T,0,0,T,0,0,T,,20x50cm,0.1,,,,,,,,,,,,,,,,,,,,,
"John, Lauren, Andrew, Dylan, Sam",JDD,JDD,7/27/2021,2021,TB,1,3,50,MLLMM,11,2,3.54,3.54,T,2.23,2.23,T,0.5,0.5,T,2.87,2.87,T,0.01,0.01,T,0.48,0.48,T,0,0,T,0,0,T,1.92,1.92,T,0,0,T,0,0,T,0,0,T,,20x50cm,0.1,,,,,,,,,,,,,,,,,,,,,
"John, Lauren, Andrew, Dylan, Sam",JDD,JDD,7/27/2021,2021,TB,1,3,25,MLLMM,12,1,0.88,0.88,T,2.34,2.34,T,0.11,0.11,T,2.14,2.14,T,0.01,0.01,T,0.12,0.12,T,0,0,T,0,0,T,4.09,4.09,T,0,0,T,0,0,T,0,0,T,,20x50cm,0.1,,,,,,,,,,,,,,,,,,,,,
"John, Lauren, Andrew, Dylan, Sam",JDD,JDD,7/27/2021,2021,TB,1,3,25,MLLMM,12,2,2.13,2.13,T,2.46,2.46,T,0.05,0.05,T,1.33,1.33,T,0,0,T,0.29,0.29,T,0,0,T,0,0,T,6.58,6.58,T,0,0,T,0,0,T,2,2,T,,20x50cm,0.1,,,,,,,,,,,,,,,,,,,,,
"John, Lauren, Andrew, Dylan, Sam",JDD,JDD,7/27/2021,2021,TB,1,1,50,MMMMM,13,1,4.72,4.72,T,0,0,T,0.67,0.67,T,0.38,0.38,T,0,0,T,0.08,0.08,T,0,0,T,0,0,T,4.87,4.87,T,6,6,T,5,5,T,0,0,T,,20x50cm,0.1,,,,,,,,,,,,,,,,,,,,,
"John, Lauren, Andrew, Dylan, Sam",JDD,JDD,7/27/2021,2021,TB,1,1,50,MMMMM,13,2,3.46,3.46,T,0,0,T,0,0,T,0.43,0.43,T,0,0,T,0.41,0.41,T,0,0,T,0,0,T,7.03,7.03,T,7,7,T,6,6,T,0,0,T,,20x50cm,0.1,,,,,,,,,,,,,,,,,,,,,
"John, Lauren, Andrew, Dylan, Sam",JDD,JDD,7/27/2021,2021,TB,1,1,75,MMMMM,14,1,4.51,4.51,T,0,0,T,0.03,0.03,T,0.3,0.3,T,0.01,0.01,T,0.22,0.22,T,0,0,T,0.15,0.15,T,3.7,3.7,T,2,2,T,0,0,T,0,0,T,no OPPO pads recorded,20x50cm,0.1,,,,,,,,,,,,,,,,,,,,,
"John, Lauren, Andrew, Dylan, Sam",JDD,JDD,7/27/2021,2021,TB,1,1,75,MMMMM,14,2,3.84,3.84,T,1.25,1.25,T,0.01,0.01,T,0.9,0.9,T,0.03,0.03,T,0.25,0.25,T,0,0,T,0,0,T,9.91,9.91,T,0,0,T,0,0,T,0,0,T,vuoc checked = ok,20x50cm,0.1,,,,,,,,,,,,,,,,,,,,,
"John, Lauren, Andrew, Dylan, Sam",JDD,JDD,7/27/2021,2021,TB,1,1,2,MMMMM,15,1,3.03,3.03,T,0,0,T,0.33,0.33,T,1.34,1.34,T,0,0,T,5.48,5.48,T,0,0,T,0,0,T,22.93,22.93,T,0,0,T,0,0,T,0,0,T,brome and litter checked = ok,20x50cm,0.1,,,,,,,,,,,,,,,,,,,,,
"John, Lauren, Andrew, Dylan, Sam",JDD,JDD,7/27/2021,2021,TB,1,1,2,MMMMM,15,2,3.7,3.7,T,0,0,T,0.1,0.1,T,2.61,2.61,T,0,0,T,5.72,5.72,T,0,0,T,0,0,T,21.13,21.13,T,0,0,T,0,0,T,0,0,T,brome and litter checked = ok,20x50cm,0.1,,,,,,,,,,,,,,,,,,,,,
"John, Lauren, Andrew, Dylan, Sam",JDD,JDD,7/27/2021,2021,TB,1,1,25,MMMMM,16,1,1.98,1.98,T,0.31,0.31,T,0.02,0.02,T,1.93,1.93,T,0,0,T,4.09,4.09,T,0,0,T,0,0,T,5.62,5.62,T,<1,<1,T,1,1,T,0,0,T,re-sorted and re-weighed brome (4.51g) original wt kept,20x50cm,0.1,,,,,,,,,,,,,,,,,,,,,
"John, Lauren, Andrew, Dylan, Sam",JDD,JDD,7/27/2021,2021,TB,1,1,25,MMMMM,16,2,1.89,1.89,T,0.26,0.26,T,0.25,0.25,T,2.11,2.11,T,0.01,0.01,T,5.91,5.91,T,0,0,T,0,0,T,6.31,6.31,T,12,12,T,4,4,T,0,0,T,brome checked = ok,20x50cm,0.1,,,,,,,,,,,,,,,,,,,,,
"John, Lauren, Andrew, Dylan, Sam",JDD,JDD,7/27/2021,2021,TB,1,1,1,MMMMM,17,1,2.83,2.83,T,0.05,0.05,T,0,0,T,0.9,0.9,T,0,0,T,1.62,1.62,T,0,0,T,0,0,T,0.78,0.78,T,0,0,T,8,8,T,3,3,T,no OPPO % recorded,20x50cm,0.1,,,,,,,,,,,,,,,,,,,,,
"John, Lauren, Andrew, Dylan, Sam",JDD,JDD,7/27/2021,2021,TB,1,1,1,MMMMM,17,2,1.95,1.95,T,0.02,0.02,T,0,0,T,1.56,1.56,T,0.01,0.01,T,1.22,1.22,T,0,0,T,0,0,T,1.7,1.7,T,0,0,T,8,8,T,0,0,T,no OPPO % recorded,20x50cm,0.1,,,,,,,,,,,,,,,,,,,,,
"John, Lauren, Andrew, Dylan, Sam",JDD,JDD,7/27/2021,2021,TB,1,1,99,MMMMM,18,1,3.95,3.95,T,0.07,0.07,T,0.09,0.09,T,0.19,0.19,T,0.09,0.09,T,0.62,0.62,T,0,0,T,0,0,T,7.65,7.65,T,0,0,T,0,0,T,0,0,T,vuoc checked = ok,20x50cm,0.1,,,,,,,,,,,,,,,,,,,,,
"John, Lauren, Andrew, Dylan, Sam",JDD,JDD,7/27/2021,2021,TB,1,1,99,MMMMM,18,2,5.63,5.63,T,0.14,0.14,T,0.22,0.22,T,0.68,0.68,T,0.11,0.11,T,0.29,0.29,T,0,0,T,0,0,T,41.61,41.61,T,0,0,T,0,0,T,0,0,T,vuoc and litter checked = ok,20x50cm,0.1,,,,,,,,,,,,,,,,,,,,,
"John, Lauren, Andrew, Dylan, Sam",JDD,JDD,7/27/2021,2021,TB,2,2,50,HHMMM,19,1,0.76,0.76,T,1.02,1.02,T,0.44,0.44,T,0.58,0.58,T,0,0,T,0.6,0.6,T,0,0,T,0,0,T,0.92,0.92,T,0,0,T,0,0,T,0,0,T,,20x50cm,0.1,,,,,,,,,,,,,,,,,,,,,
"John, Lauren, Andrew, Dylan, Sam",JDD,JDD,7/27/2021,2021,TB,2,2,50,HHMMM,19,2,1.57,1.57,T,0.21,0.21,T,0.6,0.6,T,0.12,0.12,T,0,0,T,0.66,0.66,T,0,0,T,0,0,T,4.97,4.97,T,2,2,T,3,3,T,0,0,T,,20x50cm,0.1,,,,,,,,,,,,,,,,,,,,,
"John, Lauren, Andrew, Dylan, Sam",JDD,JDD,7/27/2021,2021,TB,2,2,2,HHMMM,20,1,3.15,3.15,T,1.15,1.15,T,0.22,0.22,T,0.37,0.37,T,0,0,T,0.12,0.12,T,0,0,T,0,0,T,1.89,1.89,T,0,0,T,0,0,T,0,0,T,,20x50cm,0.1,,,,,,,,,,,,,,,,,,,,,
"John, Lauren, Andrew, Dylan, Sam",JDD,JDD,7/27/2021,2021,TB,2,2,2,HHMMM,20,2,2.57,2.57,T,0.81,0.81,T,0.23,0.23,T,0.37,0.37,T,0.02,0.02,T,0.05,0.05,T,0,0,T,0,0,T,2.16,2.16,T,0,0,T,0,0,T,0,0,T,,20x50cm,0.1,,,,,,,,,,,,,,,,,,,,,
"John, Lauren, Andrew, Dylan, Sam",JDD,JDD,7/27/2021,2021,TB,2,2,99,HHMMM,21,1,0.02,0.02,T,1.55,1.55,T,0.12,0.12,T,0.59,0.59,T,0,0,T,0,0,T,0,0,T,1.05,1.05,T,0.72,0.72,T,0,0,T,0,0,T,0,0,T,,20x50cm,0.1,,,,,,,,,,,,,,,,,,,,,
"John, Lauren, Andrew, Dylan, Sam",JDD,JDD,7/27/2021,2021,TB,2,2,99,HHMMM,21,2,0.03,0.03,T,1.45,1.45,T,0.09,0.09,T,0.2,0.2,T,0.01,0.01,T,0,0,T,0,0,T,0,0,T,0.73,0.73,T,0,0,T,0,0,T,0,0,T,,20x50cm,0.1,,,,,,,,,,,,,,,,,,,,,
"John, Lauren, Andrew, Dylan, Sam",JDD,JDD,7/27/2021,2021,TB,2,2,75,HHMMM,22,1,0.09,0.09,T,1.05,1.05,T,0,0,T,0.11,0.11,T,0.01,0.01,T,0,0,T,0,0,T,0,0,T,0,0,T,0,0,T,0,0,T,0,0,T,,20x50cm,0.1,,,,,,,,,,,,,,,,,,,,,
"John, Lauren, Andrew, Dylan, Sam",JDD,JDD,7/27/2021,2021,TB,2,2,75,HHMMM,22,2,0.09,0.09,T,1.53,1.53,T,0,0,T,0.31,0.31,T,0.03,0.03,T,0,0,T,0,0,T,0,0,T,0,0,T,0,0,T,0,0,T,0,0,T,vuoc checked = ok,20x50cm,0.1,,,,,,,,,,,,,,,,,,,,,
"John, Lauren, Andrew, Dylan, Sam",JDD,JDD,7/27/2021,2021,TB,2,2,1,HHMMM,23,1,2.96,2.96,T,0.95,0.95,T,0.29,0.29,T,0.28,0.28,T,0,0,T,0.01,0.01,T,0,0,T,0,0,T,0.83,0.83,T,0,0,T,0,0,T,0,0,T,,20x50cm,0.1,,,,,,,,,,,,,,,,,,,,,
"John, Lauren, Andrew, Dylan, Sam",JDD,JDD,7/27/2021,2021,TB,2,2,1,HHMMM,23,2,1.95,1.95,T,1.55,1.55,T,0.11,0.11,T,0.6,0.6,T,0,0,T,0,0,T,0.2,0.2,T,0,0,T,0.31,0.31,T,0,0,T,0,0,T,0,0,T,,20x50cm,0.1,,,,,,,,,,,,,,,,,,,,,
"John, Lauren, Andrew, Dylan, Sam",JDD,JDD,7/27/2021,2021,TB,2,2,25,HHMMM,24,1,1.09,1.09,T,0.85,0.85,T,0.1,0.1,T,0.88,0.88,T,0.01,0.01,T,0,0,T,0,0,T,2.65,2.65,T,0.11,0.11,T,0,0,T,0,0,T,0,0,T,ARFR checked = ok,20x50cm,0.1,,,,,,,,,,,,,,,,,,,,,
"John, Lauren, Andrew, Dylan, Sam",JDD,JDD,7/27/2021,2021,TB,2,2,25,HHMMM,24,2,1.49,1.49,T,0.59,0.59,T,0.22,0.22,T,0.92,0.92,T,0,0,T,0,0,T,0,0,T,3.01,3.01,T,0.19,0.19,T,0,0,T,0,0,T,0,0,T,ARFR checked = ok,20x50cm,0.1,,,,,,,,,,,,,,,,,,,,,
"John, Lauren, Andrew, Dylan, Sam",JDD,JDD,7/27/2021,2021,TB,2,1,1,MMMMM,25,1,1.44,1.44,T,0.1,0.1,T,0.21,0.21,T,0.02,0.02,T,0,0,T,0.01,0.01,T,0,0,T,0,0,T,0.03,0.03,T,0,0,T,0,0,T,0,0,T,,20x50cm,0.1,,,,,,,,,,,,,,,,,,,,,
"John, Lauren, Andrew, Dylan, Sam",JDD,JDD,7/27/2021,2021,TB,2,1,1,MMMMM,25,2,0.76,0.76,T,0.33,0.33,T,0.22,0.22,T,0.06,0.06,T,0,0,T,0,0,T,0,0,T,0,0,T,0,0,T,0,0,T,0,0,T,0,0,T,,20x50cm,0.1,,,,,,,,,,,,,,,,,,,,,
"John, Lauren, Andrew, Dylan, Sam",JDD,JDD,7/27/2021,2021,TB,2,1,75,MMMMM,26,1,2.3,2.3,T,0.64,0.64,T,0.01,0.01,T,0.24,0.24,T,0,0,T,0,0,T,0,0,T,0,0,T,16.59,16.59,T,0,0,T,0,0,T,0,0,T,litter checked = ok,20x50cm,0.1,,,,,,,,,,,,,,,,,,,,,
"John, Lauren, Andrew, Dylan, Sam",JDD,JDD,7/27/2021,2021,TB,2,1,75,MMMMM,26,2,3.7,3.7,T,0.65,0.65,T,0,0,T,0.45,0.45,T,0,0,T,0,0,T,0,0,T,0,0,T,19.82,19.82,T,0,0,T,0,0,T,0,0,T,litter checked = ok,20x50cm,0.1,,,,,,,,,,,,,,,,,,,,,
"John, Lauren, Andrew, Dylan, Sam",JDD,JDD,7/27/2021,2021,TB,2,1,50,MMMMM,27,1,1.04,1.04,T,1.37,1.37,T,1.39,1.39,T,1.12,1.12,T,0,0,T,0,0,T,0,0,T,2,2,T,0.11,0.11,T,0,0,T,0,0,T,0,0,T,forb and ARFR checked= ok,20x50cm,0.1,,,,,,,,,,,,,,,,,,,,,
"John, Lauren, Andrew, Dylan, Sam",JDD,JDD,7/27/2021,2021,TB,2,1,50,MMMMM,27,2,1.6,1.6,T,2.21,2.21,T,0.25,0.25,T,1.96,1.96,T,0,0,T,0,0,T,0,0,T,0.5,0.5,T,0.66,0.66,T,0,0,T,0,0,T,0,0,T,,20x50cm,0.1,,,,,,,,,,,,,,,,,,,,,
"John, Lauren, Andrew, Dylan, Sam",JDD,JDD,7/27/2021,2021,TB,2,1,99,MMMMM,28,1,1.86,1.86,T,0.25,0.25,T,0,0,T,1.77,1.77,T,0,0,T,0,0,T,0,0,T,0,0,T,4.09,4.09,T,0,0,T,0,0,T,30,30,T,,20x50cm,0.1,,,,,,,,,,,,,,,,,,,,,
"John, Lauren, Andrew, Dylan, Sam",JDD,JDD,7/27/2021,2021,TB,2,1,99,MMMMM,28,2,0.58,0.58,T,0.23,0.23,T,0,0,T,0.48,0.48,T,0.01,0.01,T,0,0,T,0,0,T,0,0,T,3.09,3.09,T,0,0,T,0,0,T,20,20,T,,20x50cm,0.1,,,,,,,,,,,,,,,,,,,,,
"John, Lauren, Andrew, Dylan, Sam",JDD,JDD,7/27/2021,2021,TB,2,1,2,MMMMM,29,1,3.06,3.06,T,5.35,5.35,T,0.11,0.11,T,4.85,4.85,T,0.02,0.02,T,0.02,0.02,T,0,0,T,0.01,0.01,T,2.55,2.55,T,0,0,T,0,0,T,0,0,T,"re-sorted and re-weighed c4 (4.27g) original wt kept, sd checked = ok",20x50cm,0.1,,,,,,,,,,,,,,,,,,,,,
"John, Lauren, Andrew, Dylan, Sam",JDD,JDD,7/27/2021,2021,TB,2,1,2,MMMMM,29,2,2.06,2.06,T,5.38,5.38,T,0.86,0.86,T,8.63,8.63,T,0.01,0.01,T,0.02,0.02,T,0,0,T,3.49,3.49,T,1.18,1.18,T,0,0,T,0,0,T,0,0,T,"re-sorted and re-weighed c4 (5.80g) original wt kept, sd and ARFR checked = ok",20x50cm,0.1,,,,,,,,,,,,,,,,,,,,,
"John, Lauren, Andrew, Dylan, Sam",JDD,JDD,7/27/2021,2021,TB,2,1,25,MMMMM,30,1,1.55,1.55,T,2.21,2.21,T,0.26,0.26,T,1.18,1.18,T,0,0,T,0.01,0.01,T,0,0,T,1.42,1.42,T,3.29,3.29,T,0,0,T,0,0,T,0,0,T,re-sorted and re-weighed forbs (original wt was=2.24g) this was replaced with new wt 0.26g,20x50cm,0.1,,,,,,,,,,,,,,,,,,,,,
"John, Lauren, Andrew, Dylan, Sam",JDD,JDD,7/27/2021,2021,TB,2,1,25,MMMMM,30,2,1.16,1.16,T,1.74,1.74,T,0.14,0.14,T,0.94,0.94,T,0.01,0.01,T,0.15,0.15,T,0,0,T,1.39,1.39,T,2.61,2.61,T,0,0,T,0,0,T,0,0,T,,20x50cm,0.1,,,,,,,,,,,,,,,,,,,,,
"John, Lauren, Andrew, Dylan, Sam",JDD,JDD,7/27/2021,2021,TB,2,3,99,MLLMM,31,1,0.81,0.81,T,1.59,1.59,T,0,0,T,1.83,1.83,T,0,0,T,0,0,T,0,0,T,0,0,T,0.49,0.49,T,0,0,T,0,0,T,0,0,T,,20x50cm,0.1,,,,,,,,,,,,,,,,,,,,,
"John, Lauren, Andrew, Dylan, Sam",JDD,JDD,7/27/2021,2021,TB,2,3,99,MLLMM,31,2,1.03,1.03,T,2.46,2.46,T,0,0,T,2.29,2.29,T,0.01,0.01,T,0,0,T,0,0,T,0,0,T,0.42,0.42,T,0,0,T,0,0,T,0,0,T,,20x50cm,0.1,,,,,,,,,,,,,,,,,,,,,
"John, Lauren, Andrew, Dylan, Sam",JDD,JDD,7/27/2021,2021,TB,2,3,25,MLLMM,32,1,0.97,0.97,T,2.41,2.41,T,0,0,T,0.97,0.97,T,0,0,T,0,0,T,0,0,T,0,0,T,1.03,1.03,T,0,0,T,0,0,T,0,0,T,,20x50cm,0.1,,,,,,,,,,,,,,,,,,,,,
"John, Lauren, Andrew, Dylan, Sam",JDD,JDD,7/27/2021,2021,TB,2,3,25,MLLMM,32,2,1.39,1.39,T,1.47,1.47,T,0,0,T,1.59,1.59,T,0,0,T,0,0,T,0,0,T,0,0,T,1.51,1.51,T,0,0,T,0,0,T,0,0,T,,20x50cm,0.1,,,,,,,,,,,,,,,,,,,,,
"John, Lauren, Andrew, Dylan, Sam",JDD,JDD,7/27/2021,2021,TB,2,3,75,MLLMM,33,1,2.7,2.7,T,0.38,0.38,T,0,0,T,0.9,0.9,T,0,0,T,0,0,T,0,0,T,0,0,T,3.91,3.91,T,0,0,T,0,0,T,0,0,T,,20x50cm,0.1,,,,,,,,,,,,,,,,,,,,,
"John, Lauren, Andrew, Dylan, Sam",JDD,JDD,7/27/2021,2021,TB,2,3,75,MLLMM,33,2,1.21,1.21,T,0.74,0.74,T,1.88,1.88,T,0.73,0.73,T,0,0,T,0.23,0.23,T,0,0,T,0,0,T,3.39,3.39,T,0,0,T,0,0,T,0,0,T,forb checked = ok,20x50cm,0.1,,,,,,,,,,,,,,,,,,,,,
"John, Lauren, Andrew, Dylan, Sam",JDD,JDD,7/27/2021,2021,TB,2,3,1,MLLMM,34,1,2.76,2.76,T,1.4,1.4,T,1.31,1.31,T,1.24,1.24,T,0.01,0.01,T,0,0,T,0.1,0.1,T,0,0,T,0.91,0.91,T,1,1,T,1,1,T,0,0,T,forb checked = ok,20x50cm,0.1,,,,,,,,,,,,,,,,,,,,,
"John, Lauren, Andrew, Dylan, Sam",JDD,JDD,7/27/2021,2021,TB,2,3,1,MLLMM,34,2,2.89,2.89,T,1.16,1.16,T,0.56,0.56,T,0.59,0.59,T,0,0,T,0,0,T,0,0,T,0,0,T,1.18,1.18,T,0,0,T,0,0,T,0,0,T,,20x50cm,0.1,,,,,,,,,,,,,,,,,,,,,
"John, Lauren, Andrew, Dylan, Sam",JDD,JDD,7/27/2021,2021,TB,2,3,50,MLLMM,35,1,0.46,0.46,T,1.78,1.78,T,0.18,0.18,T,0.53,0.53,T,0,0,T,0,0,T,0,0,T,0,0,T,0.46,0.46,T,0,0,T,0,0,T,0,0,T,,20x50cm,0.1,,,,,,,,,,,,,,,,,,,,,
"John, Lauren, Andrew, Dylan, Sam",JDD,JDD,7/27/2021,2021,TB,2,3,50,MLLMM,35,2,1.21,1.21,T,0.66,0.66,T,0.26,0.26,T,0.54,0.54,T,0,0,T,0,0,T,0,0,T,0,0,T,0.39,0.39,T,0,0,T,0,0,T,0,0,T,,20x50cm,0.1,,,,,,,,,,,,,,,,,,,,,
"John, Lauren, Andrew, Dylan, Sam",JDD,JDD,7/27/2021,2021,TB,2,3,2,MLLMM,36,1,0.41,0.41,T,0.4,0.4,T,0.16,0.16,T,0.12,0.12,T,0,0,T,0,0,T,0.08,0.08,T,0,0,T,0.03,0.03,T,0,0,T,0,0,T,2,2,T,,20x50cm,0.1,,,,,,,,,,,,,,,,,,,,,
"John, Lauren, Andrew, Dylan, Sam",JDD,JDD,7/27/2021,2021,TB,2,3,2,MLLMM,36,2,0.21,0.21,T,0.85,0.85,T,0.48,0.48,T,0.22,0.22,T,0,0,T,0,0,T,0,0,T,0.01,0.01,T,0.12,0.12,T,0,0,T,0,0,T,4,4,T,,20x50cm,0.1,,,,,,,,,,,,,,,,,,,,,
"John, Lauren, Andrew, Dylan, Sam",JDD,JDD,7/27/2021,2021,TB,3,3,25,MLLMM,37,1,0.35,0.35,T,1.4,1.4,T,1,1,T,0.42,0.42,T,0,0,T,0,0,T,0,0,T,0,0,T,1.2,1.2,T,0,0,T,0,0,T,0,0,T,forb checked = ok,20x50cm,0.1,,,,,,,,,,,,,,,,,,,,,
"John, Lauren, Andrew, Dylan, Sam",JDD,JDD,7/27/2021,2021,TB,3,3,25,MLLMM,37,2,0.36,0.36,T,1.33,1.33,T,2.01,2.01,T,0.47,0.47,T,0,0,T,0.08,0.08,T,0,0,T,0,0,T,1.26,1.26,T,0,0,T,0,0,T,0,0,T,,20x50cm,0.1,,,,,,,,,,,,,,,,,,,,,
"John, Lauren, Andrew, Dylan, Sam",JDD,JDD,7/27/2021,2021,TB,3,3,75,MLLMM,38,1,1.07,1.07,T,1.02,1.02,T,1.08,1.08,T,0.7,0.7,T,0.01,0.01,T,1.19,1.19,T,0,0,T,0,0,T,0.71,0.71,T,0,0,T,0,0,T,0,0,T,,20x50cm,0.1,,,,,,,,,,,,,,,,,,,,,
"John, Lauren, Andrew, Dylan, Sam",JDD,JDD,7/27/2021,2021,TB,3,3,75,MLLMM,38,2,0.9,0.9,T,1.2,1.2,T,0.63,0.63,T,0.86,0.86,T,0.04,0.04,T,2.24,2.24,T,0,0,T,0,0,T,0.63,0.63,T,0,0,T,0,0,T,0,0,T,brome and vuoc checked = ok,20x50cm,0.1,,,,,,,,,,,,,,,,,,,,,
"John, Lauren, Andrew, Dylan, Sam",JDD,JDD,7/27/2021,2021,TB,3,3,1,MLLMM,39,1,1.46,1.46,T,1.43,1.43,T,0.01,0.01,T,0.95,0.95,T,0,0,T,0.13,0.13,T,0,0,T,0,0,T,1.69,1.69,T,0,0,T,0,0,T,0,0,T,,20x50cm,0.1,,,,,,,,,,,,,,,,,,,,,
"John, Lauren, Andrew, Dylan, Sam",JDD,JDD,7/27/2021,2021,TB,3,3,1,MLLMM,39,2,1.01,1.01,T,0.57,0.57,T,0.12,0.12,T,0.38,0.38,T,0,0,T,0.65,0.65,T,0,0,T,0,0,T,1.12,1.12,T,0,0,T,0,0,T,0,0,T,,20x50cm,0.1,,,,,,,,,,,,,,,,,,,,,
"John, Lauren, Andrew, Dylan, Sam",JDD,JDD,7/27/2021,2021,TB,3,3,99,MLLMM,40,1,1.12,1.12,T,0.87,0.87,T,0.64,0.64,T,0.34,0.34,T,0,0,T,0.56,0.56,T,0,0,T,0,0,T,28.13,28.13,T,0.5,0.5,T,3,3,T,0,0,T,litter checked = ok,20x50cm,0.1,,,,,,,,,,,,,,,,,,,,,
"John, Lauren, Andrew, Dylan, Sam",JDD,JDD,7/27/2021,2021,TB,3,3,99,MLLMM,40,2,1.62,1.62,T,0.62,0.62,T,0.66,0.66,T,0.37,0.37,T,0,0,T,3.29,3.29,T,0,0,T,0,0,T,10.49,10.49,T,0,0,T,0,0,T,0,0,T,brome checked = ok,20x50cm,0.1,,,,,,,,,,,,,,,,,,,,,
"John, Lauren, Andrew, Dylan, Sam",JDD,JDD,7/27/2021,2021,TB,3,3,2,MLLMM,41,1,2.02,2.02,T,0,0,T,0.5,0.5,T,0.44,0.44,T,0,0,T,1.29,1.29,T,0,0,T,0,0,T,3.14,3.14,T,0,0,T,0,0,T,0,0,T,,20x50cm,0.1,,,,,,,,,,,,,,,,,,,,,
"John, Lauren, Andrew, Dylan, Sam",JDD,JDD,7/27/2021,2021,TB,3,3,2,MLLMM,41,2,1.48,1.48,T,0,0,T,0.39,0.39,T,0.3,0.3,T,0,0,T,0.85,0.85,T,0,0,T,0,0,T,1.78,1.78,T,0,0,T,0,0,T,0,0,T,,20x50cm,0.1,,,,,,,,,,,,,,,,,,,,,
"John, Lauren, Andrew, Dylan, Sam",JDD,JDD,7/27/2021,2021,TB,3,3,50,MLLMM,42,1,3.02,3.02,T,0,0,T,1.43,1.43,T,5.28,5.28,T,0,0,T,0.46,0.46,T,0,0,T,0,0,T,5.02,5.02,T,0,0,T,0,0,T,0,0,T,forb and sd checked = ok,20x50cm,0.1,,,,,,,,,,,,,,,,,,,,,
"John, Lauren, Andrew, Dylan, Sam",JDD,JDD,7/27/2021,2021,TB,3,3,50,MLLMM,42,2,2.47,2.47,T,0,0,T,2.11,2.11,T,5.25,5.25,T,0,0,T,0.8,0.8,T,0,0,T,0,0,T,3.4,3.4,T,0,0,T,0,0,T,0,0,T,forb and sd checked = ok,20x50cm,0.1,,,,,,,,,,,,,,,,,,,,,
"John, Lauren, Andrew, Dylan, Sam",JDD,JDD,7/27/2021,2021,TB,3,2,1,HHMMM,43,1,3.2,3.2,T,0.23,0.23,T,1.06,1.06,T,0.44,0.44,T,0,0,T,1.8,1.8,T,0,0,T,0,0,T,2.23,2.23,T,0,0,T,0,0,T,0,0,T,,20x50cm,0.1,,,,,,,,,,,,,,,,,,,,,
"John, Lauren, Andrew, Dylan, Sam",JDD,JDD,7/27/2021,2021,TB,3,2,1,HHMMM,43,2,2.44,2.44,T,0,0,T,0.69,0.69,T,0.26,0.26,T,0,0,T,1.42,1.42,T,0,0,T,0,0,T,0.04,0.04,T,0,0,T,0,0,T,0,0,T,,20x50cm,0.1,,,,,,,,,,,,,,,,,,,,,
"John, Lauren, Andrew, Dylan, Sam",JDD,JDD,7/27/2021,2021,TB,3,2,25,HHMMM,44,1,1.45,1.45,T,2.31,2.31,T,1.03,1.03,T,0.92,0.92,T,0,0,T,0.32,0.32,T,0,0,T,0,0,T,0.35,0.35,T,0,0,T,0,0,T,0,0,T,,20x50cm,0.1,,,,,,,,,,,,,,,,,,,,,
"John, Lauren, Andrew, Dylan, Sam",JDD,JDD,7/27/2021,2021,TB,3,2,25,HHMMM,44,2,0.76,0.76,T,2.55,2.55,T,0.72,0.72,T,1.07,1.07,T,0,0,T,0.27,0.27,T,0,0,T,0,0,T,0.13,0.13,T,0,0,T,0,0,T,0,0,T,,20x50cm,0.1,,,,,,,,,,,,,,,,,,,,,
"John, Lauren, Andrew, Dylan, Sam",JDD,JDD,7/27/2021,2021,TB,3,2,50,HHMMM,45,1,2.04,2.04,T,0,0,T,0.36,0.36,T,0.05,0.05,T,0,0,T,0.65,0.65,T,0,0,T,0,0,T,5.52,5.52,T,0,0,T,0,0,T,25,25,T,,20x50cm,0.1,,,,,,,,,,,,,,,,,,,,,
"John, Lauren, Andrew, Dylan, Sam",JDD,JDD,7/27/2021,2021,TB,3,2,50,HHMMM,45,2,2.41,2.41,T,0,0,T,0.67,0.67,T,0.05,0.05,T,0,0,T,0,0,T,0,0,T,0,0,T,1.07,1.07,T,0,0,T,0,0,T,25,25,T,,20x50cm,0.1,,,,,,,,,,,,,,,,,,,,,
"John, Lauren, Andrew, Dylan, Sam",JDD,JDD,7/27/2021,2021,TB,3,2,75,HHMMM,46,1,0.93,0.93,T,0,0,T,0.49,0.49,T,0.01,0.01,T,0,0,T,0,0,T,0,0,T,0,0,T,0.43,0.43,T,0,0,T,0,0,T,3,3,T,,20x50cm,0.1,,,,,,,,,,,,,,,,,,,,,
"John, Lauren, Andrew, Dylan, Sam",JDD,JDD,7/27/2021,2021,TB,3,2,75,HHMMM,46,2,1.69,1.69,T,0,0,T,0.5,0.5,T,0.06,0.06,T,0,0,T,0,0,T,0,0,T,0,0,T,0.54,0.54,T,0,0,T,0,0,T,0,0,T,,20x50cm,0.1,,,,,,,,,,,,,,,,,,,,,
"John, Lauren, Andrew, Dylan, Sam",JDD,JDD,7/27/2021,2021,TB,3,2,99,HHMMM,47,1,4.63,4.63,T,0,0,T,0.48,0.48,T,0.08,0.08,T,0,0,T,0,0,T,0,0,T,0,0,T,1.67,1.67,T,0,0,T,0,0,T,0,0,T,,20x50cm,0.1,,,,,,,,,,,,,,,,,,,,,
"John, Lauren, Andrew, Dylan, Sam",JDD,JDD,7/27/2021,2021,TB,3,2,99,HHMMM,47,2,3.76,3.76,T,0,0,T,0.39,0.39,T,0.62,0.62,T,0,0,T,0,0,T,0,0,T,0,0,T,3.06,3.06,T,0,0,T,0,0,T,0,0,T,,20x50cm,0.1,,,,,,,,,,,,,,,,,,,,,
"John, Lauren, Andrew, Dylan, Sam",JDD,JDD,7/27/2021,2021,TB,3,2,2,HHMMM,48,1,4.02,4.02,T,0,0,T,0.25,0.25,T,0.35,0.35,T,0,0,T,0.05,0.05,T,1.9,1.9,T,0,0,T,1.63,1.63,T,1,1,T,11,11,T,0,0,T,"tiny cladodes, GUSA checked = ok",20x50cm,0.1,,,,,,,,,,,,,,,,,,,,,
"John, Lauren, Andrew, Dylan, Sam",JDD,JDD,7/27/2021,2021,TB,3,2,2,HHMMM,48,2,3.55,3.55,T,0,0,T,0.28,0.28,T,0.42,0.42,T,0,0,T,0,0,T,2.36,2.36,T,0,0,T,4.38,4.38,T,0,0,T,0,0,T,<1,<1,T,GUSA checked = ok,20x50cm,0.1,,,,,,,,,,,,,,,,,,,,,
"John, Lauren, Andrew, Dylan, Sam",JDD,JDD,7/27/2021,2021,TB,3,1,50,MMMMM,49,1,2.88,2.88,T,0,0,T,0.47,0.47,T,2.3,2.3,T,0,0,T,0.71,0.71,T,0,0,T,0,0,T,1.77,1.77,T,5,5,T,3,3,T,0,0,T,,20x50cm,0.1,,,,,,,,,,,,,,,,,,,,,
"John, Lauren, Andrew, Dylan, Sam",JDD,JDD,7/27/2021,2021,TB,3,1,50,MMMMM,49,2,2.85,2.85,T,0,0,T,1.3,1.3,T,2.32,2.32,T,0,0,T,0.48,0.48,T,0,0,T,0,0,T,3.07,3.07,T,0,0,T,0,0,T,0,0,T,forb checked = ok,20x50cm,0.1,,,,,,,,,,,,,,,,,,,,,
"John, Lauren, Andrew, Dylan, Sam",JDD,JDD,7/27/2021,2021,TB,3,1,25,MMMMM,50,1,3.24,3.24,T,0,0,T,0.41,0.41,T,1.16,1.16,T,0,0,T,1.32,1.32,T,0,0,T,0,0,T,8.14,8.14,T,0,0,T,0,0,T,0,0,T,,20x50cm,0.1,,,,,,,,,,,,,,,,,,,,,
"John, Lauren, Andrew, Dylan, Sam",JDD,JDD,7/27/2021,2021,TB,3,1,25,MMMMM,50,2,3.47,3.47,T,0,0,T,0.09,0.09,T,0.82,0.82,T,0,0,T,0.89,0.89,T,0,0,T,0,0,T,5.59,5.59,T,0,0,T,0,0,T,0,0,T,,20x50cm,0.1,,,,,,,,,,,,,,,,,,,,,
"John, Lauren, Andrew, Dylan, Sam",JDD,JDD,7/27/2021,2021,TB,3,1,99,MMMMM,51,1,1.62,1.62,T,0,0,T,0.36,0.36,T,6.2,6.2,T,0,0,T,0,0,T,0,0,T,0,0,T,4.45,4.45,T,0,0,T,0,0,T,0,0,T,sd checked = ok,20x50cm,0.1,,,,,,,,,,,,,,,,,,,,,
"John, Lauren, Andrew, Dylan, Sam",JDD,JDD,7/27/2021,2021,TB,3,1,99,MMMMM,51,2,1.22,1.22,T,0,0,T,0,0,T,12.14,12.14,T,0,0,T,0,0,T,0,0,T,0,0,T,3.55,3.55,T,0,0,T,0,0,T,0,0,T,sd checked = ok,20x50cm,0.1,,,,,,,,,,,,,,,,,,,,,
"John, Lauren, Andrew, Dylan, Sam",JDD,JDD,7/27/2021,2021,TB,3,1,1,MMMMM,52,1,3.83,3.83,T,0,0,T,0.13,0.13,T,0.23,0.23,T,0,0,T,0.15,0.15,T,0,0,T,0,0,T,2.06,2.06,T,0,0,T,0,0,T,0,0,T,,20x50cm,0.1,,,,,,,,,,,,,,,,,,,,,
"John, Lauren, Andrew, Dylan, Sam",JDD,JDD,7/27/2021,2021,TB,3,1,1,MMMMM,52,2,2.89,2.89,T,0,0,T,0.1,0.1,T,0.77,0.77,T,0,0,T,0,0,T,0,0,T,0,0,T,1.92,1.92,T,0,0,T,0,0,T,6,6,T,,20x50cm,0.1,,,,,,,,,,,,,,,,,,,,,
"John, Lauren, Andrew, Dylan, Sam",JDD,JDD,7/27/2021,2021,TB,3,1,2,MMMMM,53,1,4.11,4.11,T,0,0,T,0.05,0.05,T,1.17,1.17,T,0,0,T,0.34,0.34,T,0,0,T,0,0,T,1.2,1.2,T,0,0,T,0,0,T,0,0,T,,20x50cm,0.1,,,,,,,,,,,,,,,,,,,,,
"John, Lauren, Andrew, Dylan, Sam",JDD,JDD,7/27/2021,2021,TB,3,1,2,MMMMM,53,2,4.36,4.36,T,0,0,T,0.07,0.07,T,1.28,1.28,T,0,0,T,0.62,0.62,T,0,0,T,0,0,T,1.6,1.6,T,0,0,T,0,0,T,0,0,T,,20x50cm,0.1,,,,,,,,,,,,,,,,,,,,,
"John, Lauren, Andrew, Dylan, Sam",JDD,JDD,7/27/2021,2021,TB,3,1,75,MMMMM,54,1,1.43,1.43,T,0,0,T,0.24,0.24,T,0.88,0.88,T,0,0,T,0,0,T,0,0,T,0,0,T,2.2,2.2,T,0,0,T,1,1,T,0,0,T,no OPPO % recorded,20x50cm,0.1,,,,,,,,,,,,,,,,,,,,,
"John, Lauren, Andrew, Dylan, Sam",JDD,JDD,7/27/2021,2021,TB,3,1,75,MMMMM,54,2,1.01,1.01,T,0,0,T,0.02,0.02,T,0.41,0.41,T,0,0,T,0,0,T,0,0,T,0,0,T,2.51,2.51,T,0,0,T,0,0,T,0,0,T,,20x50cm,0.1,,,,,,,,,,,,,,,,,,,,,
