Personnel,Weighed by,DateCollected,Year,Site,Block,Paddock,Drought,Grazing,PlotID,Bag wt (g),B wt 2nd,same?,Total wt (g),Total wt 2nd,same?,Sample wt (g),Mass (g),MassQC,same?,Clip strips,Clip demensions,Area clipped (m2),g/m2,kg/ha,Cover of cactus,cover cactus 2nd,same?,cactus cladodes,cladodes 2nd,same?,cover of wood,cover of ARTR,cover ARTR 2nd,same?,cover gusa,cove gusa 2nd,same?,cover of arfr,cover arfr 2nd,same?,cover of ant hill,cover of cowpie,Notes,,
"Morgan Frost, Jill Baty",Carley Crosby,5/27/2019,2019,TB,1,2,1,HHMMM,3,,,,,,,,7.78,7.78,T,,10x50cm,0.05,155.6,1556,0,,T,0,0,T,,0,0,T,0,,T,0,,T,,,,,
"Morgan Frost, Jill Baty",Carley Crosby,5/27/2019,2019,TB,1,3,1,MLLMM,9,,,,,,,,1.77,1.77,T,,10x50cm,0.05,35.4,354,0,,T,0,0,T,,0,0,T,0,,T,0,,T,,,,,
"Morgan Frost, Jill Baty",Carley Crosby,5/27/2019,2019,TB,1,1,1,MMMMM,17,,,,,,,,8.44,8.44,T,,10x50cm,0.05,168.8,1688,0,,T,0,0,T,,0,0,T,0,,T,0,,T,,,,,
"Morgan Frost, Jill Baty",Carley Crosby,5/27/2019,2019,TB,2,2,1,HHMMM,23,,,,,,,,3.00,3,T,,10x50cm,0.05,60,600,0,,T,0,0,T,,0,0,T,0,,T,0,,T,,,,,
"Morgan Frost, Jill Baty",Carley Crosby,5/27/2019,2019,TB,2,1,1,MMMMM,25,,,,,,,,2.31,2.31,T,,10x50cm,0.05,46.2,462,0,,T,0,0,T,,0,0,T,0,,T,0,,T,,,,,
"Morgan Frost, Jill Baty",Carley Crosby,5/27/2019,2019,TB,2,3,1,MLLMM,34,,,,,,,,2.86,2.86,T,,10x50cm,0.05,57.2,572,0,,T,0,0,T,,4,0,FALSE,0,,T,0,,T,,,,,
"Morgan Frost, Jill Baty",Carley Crosby,5/27/2019,2019,TB,3,3,1,MLLMM,39,,,,,,,,4.99,4.99,T,,10x50cm,0.05,99.8,998,0,,T,0,0,T,,0,0,T,0,,T,0,,T,,,,,
"Morgan Frost, Jill Baty",Carley Crosby,5/27/2019,2019,TB,3,2,1,HHMMM,43,,,,,,,,7.46,7.46,T,,10x50cm,0.05,149.2,1492,0,,T,0,0,T,,0,0,T,0,,T,0,,T,,,,,
"Morgan Frost, Jill Baty",Carley Crosby,5/27/2019,2019,TB,3,1,1,MMMMM,52,,,,,,,,3.95,3.95,T,,10x50cm,0.05,79,790,0,,T,0,0,T,,0,0,T,0,,T,0,,T,,,,,
"Morgan Frost, Jill Baty",Carley Crosby,5/27/2019,2019,TB,1,2,2,HHMMM,4,,,,,,,,10.01,10.01,T,,10x50cm,0.05,200.2,2002,0,,T,0,0,T,,0,,T,0,,T,0,,T,,,,,
"Morgan Frost, Jill Baty",Carley Crosby,5/27/2019,2019,TB,1,3,2,MLLMM,7,,,,,,,,5.60,5.6,T,,10x50cm,0.05,112,1120,25,,FALSE,0,0,T,,0,,T,0,,T,0,,T,,,,,
"Morgan Frost, Jill Baty",Carley Crosby,5/27/2019,2019,TB,1,1,2,MMMMM,15,,,,,,,,11.39,11.39,T,,10x50cm,0.05,227.8,2278,0,,T,0,0,T,,0,,T,0,,T,0,,T,,,,,
"Morgan Frost, Jill Baty",Carley Crosby,5/27/2019,2019,TB,2,2,2,HHMMM,20,,,,,,,,7.40,7.4,T,,10x50cm,0.05,148,1480,0,,T,0,0,T,,0,,T,0,,T,0,,T,,,,,
"Morgan Frost, Jill Baty",Carley Crosby,5/27/2019,2019,TB,2,1,2,MMMMM,29,,,,,,,,5.20,5.2,T,,10x50cm,0.05,104,1040,0,,T,0,0,T,,0,,T,0,,T,0,,T,,,,,
"Morgan Frost, Jill Baty",Carley Crosby,5/27/2019,2019,TB,2,3,2,MLLMM,36,,,,,,,,3.28,3.28,T,,10x50cm,0.05,65.6,656,2,,FALSE,0,0,T,,0,,T,0,,T,0,,T,,,,,
"Morgan Frost, Jill Baty",Carley Crosby,5/27/2019,2019,TB,3,3,2,MLLMM,41,,,,,,,,9.39,9.39,T,,10x50cm,0.05,187.8,1878,0,,T,0,0,T,,0,,T,0,,T,0,,T,,,,,
"Morgan Frost, Jill Baty",Carley Crosby,5/27/2019,2019,TB,3,2,2,HHMMM,48,,,,,,,,6.34,6.34,T,,10x50cm,0.05,126.8,1268,0,,T,0,0,T,,0,,T,0,,T,0,,T,,,,,
"Morgan Frost, Jill Baty",Carley Crosby,5/27/2019,2019,TB,3,1,2,MMMMM,53,,,,,,,,6.14,6.14,T,,10x50cm,0.05,122.8,1228,0,,T,0,0,T,,0,,T,0,,T,0,,T,,,,,
"Morgan Frost, Jill Baty",Carley Crosby,5/27/2019,2019,TB,1,2,25,HHMMM,6,,,,,,,,6.00,6,T,,10x50cm,0.05,120,1200,0,,T,0,0,T,,0,,T,0,,T,0,,T,,,,,
"Morgan Frost, Jill Baty",Carley Crosby,5/27/2019,2019,TB,1,3,25,MLLMM,12,,,,,,,,7.07,7.07,T,,10x50cm,0.05,141.4,1414,0,,T,0,0,T,,20,,FALSE,0,,T,0,,T,,,,,
"Morgan Frost, Jill Baty",Carley Crosby,5/27/2019,2019,TB,1,1,25,MMMMM,16,,,,,,,,7.99,7.99,T,,10x50cm,0.05,159.8,1598,0,,T,0,0,T,,0,,T,0,,T,0,,T,,,,,
"Morgan Frost, Jill Baty",Carley Crosby,5/27/2019,2019,TB,2,2,25,HHMMM,24,,,,,,,,4.13,4.13,T,,10x50cm,0.05,82.6,826,0,,T,0,0,T,,0,,T,0,,T,8,,FALSE,,,,,
"Morgan Frost, Jill Baty",Carley Crosby,5/27/2019,2019,TB,2,1,25,MMMMM,30,,,,,,,,4.67,4.67,T,,10x50cm,0.05,93.4,934,0,,T,0,0,T,,0,,T,0,,T,0,,T,,,,,
"Morgan Frost, Jill Baty",Carley Crosby,5/27/2019,2019,TB,2,3,25,MLLMM,32,,,,,,,,1.72,1.72,T,,10x50cm,0.05,34.4,344,0,,T,0,0,T,,0,,T,0,,T,0,,T,,,,,
"Morgan Frost, Jill Baty",Carley Crosby,5/27/2019,2019,TB,3,3,25,MLLMM,37,,,,,,,,3.90,3.9,T,,10x50cm,0.05,78,780,0,,T,0,0,T,,0,,T,0,,T,0,,T,,,,,
"Morgan Frost, Jill Baty",Carley Crosby,5/27/2019,2019,TB,3,2,25,HHMMM,44,,,,,,,,4.58,4.58,T,,10x50cm,0.05,91.6,916,0,,T,0,0,T,,0,,T,0,,T,0,,T,,,,,
"Morgan Frost, Jill Baty",Carley Crosby,5/27/2019,2019,TB,3,1,25,MMMMM,50,,,,,,,,7.38,7.38,T,,10x50cm,0.05,147.6,1476,0,,T,0,0,T,,0,,T,0,,T,0,,T,,,,,
"Morgan Frost, Jill Baty",Carley Crosby,5/27/2019,2019,TB,1,2,50,HHMMM,5,,,,,,,,7.84,7.84,T,,10x50cm,0.05,156.8,1568,5,,FALSE,0,0,T,3,0,,T,0,,T,0,,T,,,,,
"Morgan Frost, Jill Baty",Carley Crosby,5/27/2019,2019,TB,1,3,50,MLLMM,11,,,,,,,,8.64,8.64,T,,10x50cm,0.05,172.8,1728,0,,T,0,0,T,,0,,T,0,,T,0,,T,,5,,,
"Morgan Frost, Jill Baty",Carley Crosby,5/27/2019,2019,TB,1,1,50,MMMMM,13,,,,,,,,10.40,10.4,T,,10x50cm,0.05,208,2080,0,,T,0,0,T,,0,,T,0,,T,0,,T,,,,,
"Morgan Frost, Jill Baty",Carley Crosby,5/27/2019,2019,TB,2,2,50,HHMMM,19,,,,,,,,2.67,2.67,T,,10x50cm,0.05,53.4,534,0,,T,0,0,T,,0,,T,0,,T,1,,FALSE,,,,,
"Morgan Frost, Jill Baty",Carley Crosby,5/27/2019,2019,TB,2,1,50,MMMMM,27,,,,,,,,3.73,3.73,T,,10x50cm,0.05,74.6,746,0,,T,0,0,T,,0,,T,0,,T,5,,FALSE,,,,,
"Morgan Frost, Jill Baty",Carley Crosby,5/27/2019,2019,TB,2,3,50,MLLMM,35,,,,,,,,2.00,2,T,,10x50cm,0.05,40,400,0,,T,0,0,T,,0,,T,0,,T,0,,T,,,,,
"Morgan Frost, Jill Baty",Carley Crosby,5/27/2019,2019,TB,3,3,50,MLLMM,42,,,,,,,,5.60,5.6,T,,10x50cm,0.05,112,1120,0,,T,0,0,T,,0,,T,0,,T,0,,T,,,,,
"Morgan Frost, Jill Baty",Carley Crosby,5/27/2019,2019,TB,3,2,50,HHMMM,45,,,,,,,,7.34,7.34,T,,10x50cm,0.05,146.8,1468,0,,T,0,0,T,5,0,,T,0,,T,0,,T,,,,,
"Morgan Frost, Jill Baty",Carley Crosby,5/27/2019,2019,TB,3,1,50,MMMMM,49,,,,,,,,5.73,5.73,T,,10x50cm,0.05,114.6,1146,0,,T,0,0,T,,0,,T,0,,T,0,,T,,,,,
"Morgan Frost, Jill Baty",Carley Crosby,5/27/2019,2019,TB,1,2,75,HHMMM,1,,,,,,,,5.83,5.83,T,,10x50cm,0.05,116.6,1166,15,,FALSE,0,0,T,,0,,T,0,,T,0,,T,,,,,
"Morgan Frost, Jill Baty",Carley Crosby,5/27/2019,2019,TB,1,3,75,MLLMM,8,,,,,,,,2.36,2.36,T,,10x50cm,0.05,47.2,472,0,,T,0,0,T,,0,,T,0,,T,0,,T,,,,,
"Morgan Frost, Jill Baty",Carley Crosby,5/27/2019,2019,TB,1,1,75,MMMMM,14,,,,,,,,8.53,8.53,T,,10x50cm,0.05,170.6,1706,0,,T,0,0,T,,5,,FALSE,0,,T,0,,T,,,,,
"Morgan Frost, Jill Baty",Carley Crosby,5/27/2019,2019,TB,2,2,75,HHMMM,22,,,,,,,,2.32,2.32,T,,10x50cm,0.05,46.4,464,0,,T,0,0,T,,0,,T,0,,T,0,,T,,,,,
"Morgan Frost, Jill Baty",Carley Crosby,5/27/2019,2019,TB,2,1,75,MMMMM,26,,,,,,,,2.42,2.42,T,,10x50cm,0.05,48.4,484,0,,T,0,0,T,,0,,T,0,,T,0,,T,,,,,
"Morgan Frost, Jill Baty",Carley Crosby,5/27/2019,2019,TB,2,3,75,MLLMM,33,,,,,,,,4.00,4,T,,10x50cm,0.05,80,800,0,,T,0,0,T,,0,,T,0,,T,0,,T,,,,,
"Morgan Frost, Jill Baty",Carley Crosby,5/27/2019,2019,TB,3,3,75,MLLMM,38,,,,,,,,7.84,7.84,T,,10x50cm,0.05,156.8,1568,15,,FALSE,0,0,T,,0,,T,0,,T,0,,T,,,,,
"Morgan Frost, Jill Baty",Carley Crosby,5/27/2019,2019,TB,3,2,75,HHMMM,46,,,,,,,,2.66,2.66,T,,10x50cm,0.05,53.2,532,0,,T,0,0,T,,0,,T,0,,T,0,,T,,,,,
"Morgan Frost, Jill Baty",Carley Crosby,5/27/2019,2019,TB,3,1,75,MMMMM,54,,,,,,,,9.75,9.75,T,,10x50cm,0.05,195,1950,0,,T,0,0,T,,0,,T,0,,T,0,,T,,,,,
"Morgan Frost, Jill Baty",Carley Crosby,5/27/2019,2019,TB,1,2,99,HHMMM,2,,,,,,,,10.47,10.47,T,,10x50cm,0.05,209.4,2094,0,,T,0,0,T,,0,,T,0,,T,0,,T,,,,,
"Morgan Frost, Jill Baty",Carley Crosby,5/27/2019,2019,TB,1,3,99,MLLMM,10,,,,,,,,3.56,3.56,T,,10x50cm,0.05,71.2,712,0,,T,0,0,T,,0,,T,0,,T,0,,T,,,,,
"Morgan Frost, Jill Baty",Carley Crosby,5/27/2019,2019,TB,1,1,99,MMMMM,18,,,,,,,,9.86,9.86,T,,10x50cm,0.05,197.2,1972,0,,T,0,0,T,,0,,T,0,,T,0,,T,,,,,
"Morgan Frost, Jill Baty",Carley Crosby,5/27/2019,2019,TB,2,2,99,HHMMM,21,,,,,,,,2.37,2.37,T,,10x50cm,0.05,47.4,474,0,,T,0,0,T,,0,,T,0,,T,0,,T,,,,,
"Morgan Frost, Jill Baty",Carley Crosby,5/27/2019,2019,TB,2,1,99,MMMMM,28,,,,,,,,1.64,1.64,T,,10x50cm,0.05,32.8,328,0,,T,0,0,T,,0,,T,0,,T,0,,T,,,,,
"Morgan Frost, Jill Baty",Carley Crosby,5/27/2019,2019,TB,2,3,99,MLLMM,31,,,,,,,,2.81,2.81,T,,10x50cm,0.05,56.2,562,0,,T,0,0,T,,0,,T,0,,T,0,,T,,,,,
"Morgan Frost, Jill Baty",Carley Crosby,5/27/2019,2019,TB,3,3,99,MLLMM,40,,,,,,,,9.16,9.16,T,,10x50cm,0.05,183.2,1832,0,,T,0,0,T,,0,,T,0,,T,0,,T,,,,,
"Morgan Frost, Jill Baty",Carley Crosby,5/27/2019,2019,TB,3,2,99,HHMMM,47,,,,,,,,4.74,4.74,T,,10x50cm,0.05,94.8,948,0,,T,0,0,T,,0,,T,0,,T,0,,T,,,,,
"Morgan Frost, Jill Baty",Carley Crosby,5/27/2019,2019,TB,3,1,99,MMMMM,51,,,,,,,,7.44,7.44,T,,10x50cm,0.05,148.8,1488,0,,T,0,0,T,,0,,T,0,,T,0,,T,,,,,
Big crew,Jill Baty,6/24/2019,2019,TB,1,2,1,HHMMM,3,,,,,,,,5.40,5.4,T,,10x50cm,0.05,108,1080,3,0,FALSE,0,0,T,,0,0,T,0,0,T,0,,T,,,,,
Big crew,Jill Baty,6/24/2019,2019,TB,1,3,1,MLLMM,9,,,,,,,,2.81,2.81,T,,10x50cm,0.05,56.2,562,0,0,T,0,0,T,,0,0,T,0,0,T,0,,T,,,,,
Big crew,Jill Baty,6/24/2019,2019,TB,1,1,1,MMMMM,17,,,,,,,,6.31,6.31,T,,10x50cm,0.05,126.2,1262,0,0,T,0,0,T,,0,0,T,0,0,T,0,,T,,,,,
Big crew,Jill Baty,6/24/2019,2019,TB,2,2,1,HHMMM,23,,,,,,,,1.07,1.07,T,,10x50cm,0.05,21.4,214,0,0,T,0,0,T,,0,0,T,0,0,T,0,,T,,,,,
Big crew,Jill Baty,6/24/2019,2019,TB,2,1,1,MMMMM,25,,,,,,,,1.14,1.14,T,,10x50cm,0.05,22.8,228,0,0,T,0,0,T,,0,0,T,0,0,T,0,,T,,,,,
Big crew,Jill Baty,6/24/2019,2019,TB,2,3,1,MLLMM,34,,,,,,,,4.91,4.91,T,,10x50cm,0.05,98.2,982,0,0,T,0,0,T,,5,0,FALSE,0,0,T,0,,T,,,,,
Big crew,Jill Baty,6/24/2019,2019,TB,3,3,1,MLLMM,39,,,,,,,,10.32,10.32,T,,10x50cm,0.05,206.4,2064,5,0,FALSE,0,0,T,,0,0,T,0,0,T,0,,T,,,1/2 plot clipped with no gloves,,
Big crew,Jill Baty,6/24/2019,2019,TB,3,2,1,HHMMM,43,,,,,,,,8.54,8.54,T,,10x50cm,0.05,170.8,1708,0,0,T,0,0,T,,0,0,T,0,0,T,0,,T,,,,,
Big crew,Jill Baty,6/24/2019,2019,TB,3,1,1,MMMMM,52,,,,,,,,7.68,7.68,T,,10x50cm,0.05,153.6,1536,0,0,T,0,0,T,,0,0,T,0,0,T,0,,T,,,,,
Big crew,Jill Baty,6/24/2019,2019,TB,1,2,2,HHMMM,4,,,,,,,,10.33,10.33,T,,10x50cm,0.05,206.6,2066,5,0,FALSE,0,0,T,,0,0,T,0,0,T,0,,T,,,,,
Big crew,Jill Baty,6/24/2019,2019,TB,1,3,2,MLLMM,7,,,,,,,,5.29,5.29,T,,10x50cm,0.05,105.8,1058,5,0,FALSE,0,0,T,,0,0,T,0,0,T,0,,T,,,,,
Big crew,Jill Baty,6/24/2019,2019,TB,1,1,2,MMMMM,15,,,,,,,,6.93,6.93,T,,10x50cm,0.05,138.6,1386,0,0,T,0,0,T,,0,0,T,0,0,T,0,,T,,,,,
Big crew,Jill Baty,6/24/2019,2019,TB,2,2,2,HHMMM,20,,,,,,,,12.18,12.18,T,,10x50cm,0.05,243.6,2436,5,0,FALSE,0,0,T,,0,0,T,0,0,T,0,,T,,,"Forgot gloves for 50% of plot. 12.18 includes large tragopogon. 6.55 is th emass of the sample, not including the large trdu. ",,
Big crew,Jill Baty,6/24/2019,2019,TB,2,1,2,MMMMM,29,,,,,,,,4.77,4.77,T,,10x50cm,0.05,95.4,954,0,0,T,0,0,T,,0,0,T,0,0,T,0,,T,,,,,
Big crew,Jill Baty,6/24/2019,2019,TB,2,3,2,MLLMM,36,,,,,,,,3.20,3.2,T,,10x50cm,0.05,64,640,0,0,T,0,0,T,,5,0,FALSE,0,0,T,0,,T,,,,,
Big crew,Jill Baty,6/24/2019,2019,TB,3,3,2,MLLMM,41,,,,,,,,9.16,9.16,T,,10x50cm,0.05,183.2,1832,0,0,T,0,0,T,,0,0,T,0,0,T,0,,T,,,,,
Big crew,Jill Baty,6/24/2019,2019,TB,3,2,2,HHMMM,48,,,,,,,,2.70,2.7,T,,10x50cm,0.05,54,540,0,0,T,0,0,T,,0,0,T,0,0,T,0,,T,,,,,
Big crew,Jill Baty,6/24/2019,2019,TB,3,1,2,MMMMM,53,,,,,,,,7.06,7.06,T,,10x50cm,0.05,141.2,1412,0,0,T,0,0,T,3,0,0,T,0,0,T,0,,T,,,,,
Big crew,Jill Baty,6/24/2019,2019,TB,1,2,25,HHMMM,6,,,,,,,,8.21,8.21,T,,10x50cm,0.05,164.2,1642,0,0,T,0,0,T,,0,0,T,0,0,T,0,,T,,,,,
Big crew,Jill Baty,6/24/2019,2019,TB,1,3,25,MLLMM,12,,,,,,,,6.98,6.98,T,,10x50cm,0.05,139.6,1396,0,0,T,0,0,T,,15,0,FALSE,0,0,T,0,,T,,,"First 2"" no gloves",,
Big crew,Jill Baty,6/24/2019,2019,TB,1,1,25,MMMMM,16,,,,,,,,7.75,7.75,T,,10x50cm,0.05,155,1550,0,0,T,0,0,T,,0,0,T,0,0,T,0,,T,,,,,
Big crew,Jill Baty,6/24/2019,2019,TB,2,2,25,HHMMM,24,,,,,,,,2.88,2.88,T,,10x50cm,0.05,57.6,576,0,0,T,0,0,T,,0,0,T,0,0,T,0,,T,,,,,
Big crew,Jill Baty,6/24/2019,2019,TB,2,1,25,MMMMM,30,,,,,,,,3.22,3.22,T,,10x50cm,0.05,64.4,644,0,0,T,0,0,T,,0,0,T,0,0,T,0,,T,,,,,
Big crew,Jill Baty,6/24/2019,2019,TB,2,3,25,MLLMM,32,,,,,,,,6.21,6.21,T,,10x50cm,0.05,124.2,1242,0,0,T,0,0,T,,0,0,T,0,0,T,0,,T,,,,,
Big crew,Jill Baty,6/24/2019,2019,TB,3,3,25,MLLMM,37,,,,,,,,4.24,4.24,T,,10x50cm,0.05,84.8,848,0,0,T,0,0,T,,0,0,T,0,0,T,0,,T,,,,,
Big crew,Jill Baty,6/24/2019,2019,TB,3,2,25,HHMMM,44,,,,,,,,6.64,6.64,T,,10x50cm,0.05,132.8,1328,0,0,T,0,0,T,,0,0,T,0,0,T,0,,T,,,,,
Big crew,Jill Baty,6/24/2019,2019,TB,3,1,25,MMMMM,50,,,,,,,,8.27,8.27,T,,10x50cm,0.05,165.4,1654,0,0,T,0,0,T,,0,0,T,0,0,T,0,,T,,,,,
Big crew,Jill Baty,6/24/2019,2019,TB,1,2,50,HHMMM,5,,,,,,,,18.53,18.53,T,,10x50cm,0.05,370.6,3706,5,0,FALSE,0,0,T,,0,0,T,0,0,T,0,,T,,,,,
Big crew,Jill Baty,6/24/2019,2019,TB,1,3,50,MLLMM,11,,,,,,,,9.97,9.97,T,,10x50cm,0.05,199.4,1994,0,0,T,0,0,T,,0,0,T,0,0,T,0,,T,,,,,
Big crew,Jill Baty,6/24/2019,2019,TB,1,1,50,MMMMM,13,,,,,,,,9.55,9.55,T,,10x50cm,0.05,191,1910,0,0,T,0,0,T,,0,0,T,0,0,T,0,,T,,,,,
Big crew,Jill Baty,6/24/2019,2019,TB,2,2,50,HHMMM,19,,,,,,,,2.53,2.53,T,,10x50cm,0.05,50.6,506,0,0,T,0,0,T,,1,0,FALSE,0,0,T,0,,T,,,,,
Big crew,Jill Baty,6/24/2019,2019,TB,2,1,50,MMMMM,27,,,,,,,,4.51,4.51,T,,10x50cm,0.05,90.2,902,0,0,T,0,0,T,,0,0,T,0,0,T,1,,FALSE,,,,,
Big crew,Jill Baty,6/24/2019,2019,TB,2,3,50,MLLMM,35,,,,,,,,3.86,3.86,T,,10x60cm,0.06,64.33333333,643.3333333,0,0,T,0,0,T,,0,0,T,0,0,T,0,,T,,,"Note: Dave Christensen: Error- clipped 10x60cm. ""I had too much fun clipping!""",,
Big crew,Jill Baty,6/24/2019,2019,TB,3,3,50,MLLMM,42,,,,,,,,12.26,12.26,T,,10x50cm,0.05,245.2,2452,15,0,FALSE,0,0,T,,0,0,T,0,0,T,0,,T,,,,,
Big crew,Jill Baty,6/24/2019,2019,TB,3,2,50,HHMMM,45,,,,,,,,5.00,5,T,,10x50cm,0.05,100,1000,5,0,FALSE,0,0,T,15,0,0,T,0,0,T,0,,T,,,,,
Big crew,Jill Baty,6/24/2019,2019,TB,3,1,50,MMMMM,49,,,,,,,,10.55,10.55,T,,10x50cm,0.05,211,2110,0,0,T,0,0,T,,0,0,T,0,0,T,0,,T,,,,,
Big crew,Jill Baty,6/24/2019,2019,TB,1,2,75,HHMMM,1,,,,,,,,7.55,7.55,T,,10x50cm,0.05,151,1510,15,0,FALSE,0,0,T,,0,0,T,0,0,T,0,,T,,,,,
Big crew,Jill Baty,6/24/2019,2019,TB,1,3,75,MLLMM,8,,,,,,,,6.33,6.33,T,,10x50cm,0.05,126.6,1266,1,0,FALSE,0,0,T,,0,0,T,0,0,T,0,,T,,,,,
Big crew,Jill Baty,6/24/2019,2019,TB,1,1,75,MMMMM,14,,,,,,,,5.66,5.66,T,,10x50cm,0.05,113.2,1132,0,0,T,0,0,T,,0,0,T,0,0,T,0,,T,,,,,
Big crew,Jill Baty,6/24/2019,2019,TB,2,2,75,HHMMM,22,,,,,,,,1.71,1.71,T,,10x50cm,0.05,34.2,342,0,0,T,0,0,T,,0,0,T,0,0,T,0,,T,,,,,
Big crew,Jill Baty,6/24/2019,2019,TB,2,1,75,MMMMM,26,,,,,,,,4.92,4.92,T,,10x50cm,0.05,98.4,984,0,0,T,0,0,T,,0,0,T,0,0,T,0,,T,5,,,,
Big crew,Jill Baty,6/24/2019,2019,TB,2,3,75,MLLMM,33,,,,,,,,4.56,4.56,T,,10x50cm,0.05,91.2,912,0,0,T,0,0,T,,0,0,T,0,0,T,0,,T,,,,,
Big crew,Jill Baty,6/24/2019,2019,TB,3,3,75,MLLMM,38,,,,,,,,8.30,8.3,T,,10x50cm,0.05,166,1660,5,0,FALSE,0,0,T,,0,0,T,0,0,T,0,,T,,,,,
Big crew,Jill Baty,6/24/2019,2019,TB,3,2,75,HHMMM,46,,,,,,,,1.97,1.97,T,,10x50cm,0.05,39.4,394,0,0,T,0,0,T,,0,0,T,0,0,T,0,,T,,,,,
Big crew,Jill Baty,6/24/2019,2019,TB,3,1,75,MMMMM,54,,,,,,,,6.57,6.57,T,,10x50cm,0.05,131.4,1314,0,0,T,0,0,T,,0,0,T,0,0,T,0,,T,,,,,
Big crew,Jill Baty,6/24/2019,2019,TB,1,2,99,HHMMM,2,,,,,,,,1.75,1.75,T,,10x50cm,0.05,35,350,0,0,T,0,0,T,,0,0,T,0,0,T,0,,T,,,,,
Big crew,Jill Baty,6/24/2019,2019,TB,1,3,99,MLLMM,10,,,,,,,,3.46,3.46,T,,10x50cm,0.05,69.2,692,0,0,T,0,0,T,,0,0,T,0,0,T,0,,T,,,,,
Big crew,Jill Baty,6/24/2019,2019,TB,1,1,99,MMMMM,18,,,,,,,,8.43,8.43,T,,10x50cm,0.05,168.6,1686,0,0,T,0,0,T,,0,0,T,0,0,T,0,,T,,,,,
Big crew,Jill Baty,6/24/2019,2019,TB,2,2,99,HHMMM,21,,,,,,,,4.76,4.76,T,,10x50cm,0.05,95.2,952,0,0,T,0,0,T,,0,0,T,0,0,T,0,,T,,,,,
Big crew,Jill Baty,6/24/2019,2019,TB,2,1,99,MMMMM,28,,,,,,,,5.88,5.88,T,,10x50cm,0.05,117.6,1176,0,0,T,0,0,T,,0,0,T,0,0,T,0,,T,,,,,
Big crew,Jill Baty,6/24/2019,2019,TB,2,3,99,MLLMM,31,,,,,,,,3.28,3.28,T,,10x50cm,0.05,65.6,656,0,0,T,0,0,T,,0,0,T,0,0,T,0,,T,,,,,
Big crew,Jill Baty,6/24/2019,2019,TB,3,3,99,MLLMM,40,,,,,,,,9.59,9.59,T,,10x50cm,0.05,191.8,1918,0,0,T,0,0,T,,0,0,T,0,0,T,0,,T,,,,,
Big crew,Jill Baty,6/24/2019,2019,TB,3,2,99,HHMMM,47,,,,,,,,2.01,2.01,T,,10x50cm,0.05,40.2,402,0,0,T,0,0,T,,0,0,T,0,0,T,0,,T,,,,,
Big crew,Jill Baty,6/24/2019,2019,TB,3,1,99,MMMMM,51,,,,,,,,9.71,9.71,T,,10x50cm,0.05,194.2,1942,0,0,T,0,0,T,,0,0,T,0,0,T,7,,FALSE,,,,,
"Joseph GrazingWolf, Maria Mango, John Dietrich",John Dietrich,6/2/2020,2020,TB,1,2,75,HHMMM,1,,,,,,,,3.80,3.8,T,,10x50cm,0.05,76,760,2,2,T,1,1,T,,0,0,T,0,0,T,0,0,T,,,1 clad,,
"Joseph GrazingWolf, Maria Mango, John Dietrich",John Dietrich,6/2/2020,2020,TB,1,2,99,HHMMM,2,,,,,,,,7.53,7.53,T,,10x50cm,0.05,150.6,1506,0,0,T,0,0,T,,0,0,T,0,0,T,1,1,T,,,,,
"Joseph GrazingWolf, Maria Mango, John Dietrich",John Dietrich,6/2/2020,2020,TB,1,2,1,HHMMM,3,,,,,,,,3.62,3.62,T,,10x50cm,0.05,72.4,724,0,0,T,0,0,T,,0,0,T,0,0,T,3,3,T,,,,,
"Joseph GrazingWolf, Maria Mango, John Dietrich",John Dietrich,6/2/2020,2020,TB,1,2,2,HHMMM,4,,,,,,,,4.16,4.16,T,,10x50cm,0.05,83.2,832,0,0,T,0,0,T,,0,0,T,0,0,T,0,0,T,,,,,
"Joseph GrazingWolf, Maria Mango, John Dietrich",John Dietrich,6/2/2020,2020,TB,1,2,50,HHMMM,5,,,,,,,,4.98,4.98,T,,10x50cm,0.05,99.6,996,5,5,T,6,6,T,,10,10,T,0,0,T,0,0,T,,,,,
"Joseph GrazingWolf, Maria Mango, John Dietrich",John Dietrich,6/2/2020,2020,TB,1,2,25,HHMMM,6,,,,,,,,6.01,6.01,T,,10x50cm,0.05,120.2,1202,0,0,T,0,0,T,,0,0,T,0,0,T,0,0,T,,,,,
"Joseph GrazingWolf, Maria Mango, John Dietrich",John Dietrich,6/2/2020,2020,TB,1,3,2,MLLMM,7,,,,,,,,4.10,4.1,T,,10x50cm,0.05,82,820,1,1,T,1,1,T,,0,0,T,0,0,T,0,0,T,,,1 clad,,
"Joseph GrazingWolf, Maria Mango, John Dietrich",John Dietrich,6/2/2020,2020,TB,1,3,75,MLLMM,8,,,,,,,,3.18,3.18,T,,10x50cm,0.05,63.6,636,0,0,T,0,0,T,,0,0,T,0,0,T,0,0,T,,,,,
"Joseph GrazingWolf, Maria Mango, John Dietrich",John Dietrich,6/2/2020,2020,TB,1,3,1,MLLMM,9,,,,,,,,2.98,2.98,T,,10x50cm,0.05,59.6,596,0,0,T,0,0,T,,4,4,T,0,0,T,0,0,T,,,,,
"Joseph GrazingWolf, Maria Mango, John Dietrich",John Dietrich,6/2/2020,2020,TB,1,3,99,MLLMM,10,,,,,,,,3.65,3.65,T,,10x50cm,0.05,73,730,0,0,T,0,0,T,,0,0,T,0,0,T,0,0,T,,,,,
"Joseph GrazingWolf, Maria Mango, John Dietrich",John Dietrich,6/2/2020,2020,TB,1,3,50,MLLMM,11,,,,,,,,7.47,7.47,T,,10x50cm,0.05,149.4,1494,0,0,T,0,0,T,,0,0,T,0,0,T,0,0,T,,,,,
"Joseph GrazingWolf, Maria Mango, John Dietrich",John Dietrich,6/2/2020,2020,TB,1,3,25,MLLMM,12,,,,,,,,4.32,4.32,T,,10x50cm,0.05,86.4,864,2,2,T,3,3,T,,2,2,T,0,0,T,0,0,T,,,3 clad,,
"Joseph GrazingWolf, Maria Mango, John Dietrich",John Dietrich,6/2/2020,2020,TB,1,1,50,MMMMM,13,,,,,,,,6.68,6.68,T,,10x50cm,0.05,133.6,1336,1,1,T,1,1,T,,0,0,T,0,0,T,0,0,T,,,1 clad,,
"Joseph GrazingWolf, Maria Mango, John Dietrich",John Dietrich,6/2/2020,2020,TB,1,1,75,MMMMM,14,,,,,,,,4.20,4.2,T,,10x50cm,0.05,84,840,0,0,T,0,0,T,,<0.5,<0.5,T,0,0,T,0,0,T,,,,,
"Joseph GrazingWolf, Maria Mango, John Dietrich",John Dietrich,6/2/2020,2020,TB,1,1,2,MMMMM,15,,,,,,,,4.13,4.13,T,,10x50cm,0.05,82.6,826,0,0,T,0,0,T,,0,0,T,0,0,T,0,0,T,,,,,
"Joseph GrazingWolf, Maria Mango, John Dietrich",John Dietrich,6/2/2020,2020,TB,1,1,25,MMMMM,16,,,,,,,,10.00,10,T,,10x50cm,0.05,200,2000,0,0,T,0,0,T,,0,0,T,0,0,T,0,0,T,,,,,
"Joseph GrazingWolf, Maria Mango, John Dietrich",John Dietrich,6/2/2020,2020,TB,1,1,1,MMMMM,17,,,,,,,,7.70,7.7,T,,10x50cm,0.05,154,1540,0,0,T,0,0,T,,0,0,T,0,0,T,0,0,T,,,,,
"Joseph GrazingWolf, Maria Mango, John Dietrich",John Dietrich,6/2/2020,2020,TB,1,1,99,MMMMM,18,,,,,,,,7.52,7.52,T,,10x50cm,0.05,150.4,1504,0,0,T,0,0,T,,0,0,T,0,0,T,0,0,T,,,,,
"Joseph GrazingWolf, Maria Mango, John Dietrich",John Dietrich,6/2/2020,2020,TB,2,2,50,HHMMM,19,,,,,,,,1.85,1.85,T,,10x50cm,0.05,37,370,0,0,T,0,0,T,,0,0,T,0,0,T,0,0,T,,,,,
"Joseph GrazingWolf, Maria Mango, John Dietrich",John Dietrich,6/2/2020,2020,TB,2,2,2,HHMMM,20,,,,,,,,3.92,3.92,T,,10x50cm,0.05,78.4,784,0,0,T,0,0,T,,0,0,T,0,0,T,0,0,T,,,,,
"Joseph GrazingWolf, Maria Mango, John Dietrich",John Dietrich,6/2/2020,2020,TB,2,2,99,HHMMM,21,,,,,,,,2.65,2.65,T,,10x50cm,0.05,53,530,0,0,T,0,0,T,,0,0,T,0,0,T,0,0,T,,,,,
"Joseph GrazingWolf, Maria Mango, John Dietrich",John Dietrich,6/2/2020,2020,TB,2,2,75,HHMMM,22,,,,,,,,2.62,2.62,T,,10x50cm,0.05,52.4,524,0,0,T,0,0,T,,0,0,T,0,0,T,0,0,T,,,,,
"Joseph GrazingWolf, Maria Mango, John Dietrich",John Dietrich,6/2/2020,2020,TB,2,2,1,HHMMM,23,,,,,,,,2.05,2.05,T,,10x50cm,0.05,41,410,0,0,T,0,0,T,,0,0,T,0,0,T,3,3,T,,,,,
"Joseph GrazingWolf, Maria Mango, John Dietrich",John Dietrich,6/2/2020,2020,TB,2,2,25,HHMMM,24,,,,,,,,2.57,2.57,T,,10x50cm,0.05,51.4,514,0,0,T,0,0,T,,0,0,T,0,0,T,20,20,T,,,,,
"Joseph GrazingWolf, Maria Mango, John Dietrich",John Dietrich,6/2/2020,2020,TB,2,1,1,MMMMM,25,,,,,,,,2.39,2.39,T,,10x50cm,0.05,47.8,478,0,0,T,0,0,T,,0,0,T,0,0,T,0,0,T,,,,,
"Joseph GrazingWolf, Maria Mango, John Dietrich",John Dietrich,6/2/2020,2020,TB,2,1,75,MMMMM,26,,,,,,,,3.37,3.37,T,,10x50cm,0.05,67.4,674,0,0,T,0,0,T,,0,0,T,0,0,T,0,0,T,,,,,
"Joseph GrazingWolf, Maria Mango, John Dietrich",John Dietrich,6/2/2020,2020,TB,2,1,50,MMMMM,27,,,,,,,,1.56,1.56,T,,10x50cm,0.05,31.2,312,0,0,T,0,0,T,,0,0,T,0,0,T,10,10,T,,,,,
"Joseph GrazingWolf, Maria Mango, John Dietrich",John Dietrich,6/2/2020,2020,TB,2,1,99,MMMMM,28,,,,,,,,2.86,2.86,T,,10x50cm,0.05,57.2,572,0,0,T,0,0,T,,0,0,T,0,0,T,0,0,T,,,,,
"Joseph GrazingWolf, Maria Mango, John Dietrich",John Dietrich,6/2/2020,2020,TB,2,1,2,MMMMM,29,,,,,,,,4.06,4.06,T,,10x50cm,0.05,81.2,812,0,0,T,0,0,T,,0,0,T,0,0,T,0,0,T,,,,,
"Joseph GrazingWolf, Maria Mango, John Dietrich",John Dietrich,6/2/2020,2020,TB,2,1,25,MMMMM,30,,,,,,,,3.79,3.79,T,,10x50cm,0.05,75.8,758,0,0,T,0,0,T,,0,0,T,0,0,T,2,2,T,,,,,
"Joseph GrazingWolf, Maria Mango, John Dietrich",John Dietrich,6/2/2020,2020,TB,2,3,99,MLLMM,31,,,,,,,,4.11,4.11,T,,10x50cm,0.05,82.2,822,0,0,T,0,0,T,,0,0,T,0,0,T,0,0,T,,,,,
"Joseph GrazingWolf, Maria Mango, John Dietrich",John Dietrich,6/2/2020,2020,TB,2,3,25,MLLMM,32,,,,,,,,6.09,6.09,T,,10x50cm,0.05,121.8,1218,0,0,T,0,0,T,,0,0,T,0,0,T,0,0,T,,,,,
"Joseph GrazingWolf, Maria Mango, John Dietrich",John Dietrich,6/2/2020,2020,TB,2,3,75,MLLMM,33,,,,,,,,3.17,3.17,T,,10x50cm,0.05,63.4,634,0,0,T,0,0,T,,0,0,T,0,0,T,0,0,T,,,,,
"Joseph GrazingWolf, Maria Mango, John Dietrich",John Dietrich,6/2/2020,2020,TB,2,3,1,MLLMM,34,,,,,,,,4.17,4.17,T,,10x50cm,0.05,83.4,834,0,0,T,0,0,T,,0,0,T,0,0,T,0,0,T,,,,,
"Joseph GrazingWolf, Maria Mango, John Dietrich",John Dietrich,6/2/2020,2020,TB,2,3,50,MLLMM,35,,,,,,,,5.66,5.66,T,,10x50cm,0.05,113.2,1132,0,0,T,0,0,T,,0,0,T,0,0,T,0,0,T,,,,,
"Joseph GrazingWolf, Maria Mango, John Dietrich",John Dietrich,6/2/2020,2020,TB,2,3,2,MLLMM,36,,,,,,,,3.60,3.6,T,,10x50cm,0.05,72,720,5,5,T,2,2,T,,0,0,T,0,0,T,0,0,T,,,2 clad,,
"Joseph GrazingWolf, Maria Mango, John Dietrich",John Dietrich,6/2/2020,2020,TB,3,3,75,MLLMM,37,,,,,,,,3.23,3.23,T,,10x50cm,0.05,64.6,646,0,0,T,0,0,T,,4,4,T,0,0,T,0,0,T,,,,,
"Joseph GrazingWolf, Maria Mango, John Dietrich",John Dietrich,6/2/2020,2020,TB,3,3,25,MLLMM,38,,,,,,,,4.05,4.05,T,,10x50cm,0.05,81,810,10,10,T,2,2,T,,0,0,T,0,0,T,0,0,T,,,2 clad,,
"Joseph GrazingWolf, Maria Mango, John Dietrich",John Dietrich,6/2/2020,2020,TB,3,3,1,MLLMM,39,,,,,,,,7.64,7.64,T,,10x50cm,0.05,152.8,1528,0,0,T,0,0,T,,0,0,T,0,0,T,0,0,T,,,,,
"Joseph GrazingWolf, Maria Mango, John Dietrich",John Dietrich,6/2/2020,2020,TB,3,3,99,MLLMM,40,,,,,,,,5.30,5.3,T,,10x50cm,0.05,106,1060,0,0,T,0,0,T,,0,0,T,0,0,T,0,0,T,,,,,
"Joseph GrazingWolf, Maria Mango, John Dietrich",John Dietrich,6/2/2020,2020,TB,3,3,2,MLLMM,41,,,,,,,,8.81,8.81,T,,10x50cm,0.05,176.2,1762,0,0,T,0,0,T,,0,0,T,20,20,T,0,0,T,,,,,
"Joseph GrazingWolf, Maria Mango, John Dietrich",John Dietrich,6/2/2020,2020,TB,3,3,50,MLLMM,42,,,,,,,,3.72,3.72,T,,10x50cm,0.05,74.4,744,0,0,T,0,0,T,,0,0,T,0,0,T,0,0,T,,,,,
"Joseph GrazingWolf, Maria Mango, John Dietrich",John Dietrich,6/2/2020,2020,TB,3,2,1,HHMMM,43,,,,,,,,4.15,4.15,T,,10x50cm,0.05,83,830,0,0,T,0,0,T,,0,0,T,0,0,T,0,0,T,,,,,
"Joseph GrazingWolf, Maria Mango, John Dietrich",John Dietrich,6/2/2020,2020,TB,3,2,25,HHMMM,44,,,,,,,,4.05,4.05,T,,10x50cm,0.05,81,810,0,0,T,0,0,T,,0,0,T,0,0,T,0,0,T,,,,,
"Joseph GrazingWolf, Maria Mango, John Dietrich",John Dietrich,6/2/2020,2020,TB,3,2,50,HHMMM,45,,,,,,,,3.94,3.94,T,,10x50cm,0.05,78.8,788,0,0,T,0,0,T,,55,55,T,0,0,T,0,0,T,,,,,
"Joseph GrazingWolf, Maria Mango, John Dietrich",John Dietrich,6/2/2020,2020,TB,3,2,75,HHMMM,46,,,,,,,,2.53,2.53,T,,10x50cm,0.05,50.6,506,0,0,T,0,0,T,,0,0,T,0,0,T,0,0,T,,,,,
"Joseph GrazingWolf, Maria Mango, John Dietrich",John Dietrich,6/2/2020,2020,TB,3,2,99,HHMMM,47,,,,,,,,3.66,3.66,T,,10x50cm,0.05,73.2,732,0,0,T,0,0,T,,0,0,T,0,0,T,0,0,T,,,,,
"Joseph GrazingWolf, Maria Mango, John Dietrich",John Dietrich,6/2/2020,2020,TB,3,2,2,HHMMM,48,,,,,,,,3.02,3.02,T,,10x50cm,0.05,60.4,604,0,0,T,0,0,T,,2,2,T,<1,<1,T,0,0,T,,,,,
"Joseph GrazingWolf, Maria Mango, John Dietrich",John Dietrich,6/2/2020,2020,TB,3,1,50,MMMMM,49,,,,,,,,6.31,6.31,T,,10x50cm,0.05,126.2,1262,0,0,T,0,0,T,,0,0,T,0,0,T,0,0,T,,,,,
"Joseph GrazingWolf, Maria Mango, John Dietrich",John Dietrich,6/2/2020,2020,TB,3,1,25,MMMMM,50,,,,,,,,6.59,6.59,T,,10x50cm,0.05,131.8,1318,0,0,T,0,0,T,,0,0,T,0,0,T,0,0,T,,,,,
"Joseph GrazingWolf, Maria Mango, John Dietrich",John Dietrich,6/2/2020,2020,TB,3,1,99,MMMMM,51,,,,,,,,8.74,8.74,T,,10x50cm,0.05,174.8,1748,0,0,T,0,0,T,,0,0,T,0,0,T,0,0,T,,,,,
"Joseph GrazingWolf, Maria Mango, John Dietrich",John Dietrich,6/2/2020,2020,TB,3,1,1,MMMMM,52,,,,,,,,5.10,5.1,T,,10x50cm,0.05,102,1020,0,0,T,0,0,T,,0,0,T,0,0,T,0,0,T,,,,,
"Joseph GrazingWolf, Maria Mango, John Dietrich",John Dietrich,6/2/2020,2020,TB,3,1,2,MMMMM,53,,,,,,,,4.50,4.5,T,,10x50cm,0.05,90,900,0,0,T,0,0,T,,1,1,T,0,0,T,0,0,T,,,,,
"Joseph GrazingWolf, Maria Mango, John Dietrich",John Dietrich,6/2/2020,2020,TB,3,1,75,MMMMM,54,,,,,,,,13.13,13.13,T,,10x50cm,0.05,262.6,2626,0,0,T,0,0,T,,0,0,T,0,0,T,0,0,T,,,,,
John Dietrich,John Dietrich,6/11/2020,2020,TB,2,2,50,HHMMM,19,,,,,,,,4.91,4.91,T,,10x50cm,0.05,98.2,982,0,0,T,0,0,T,,0,0,T,0,0,T,7,7,T,,,supplimental clip strip,,
John Dietrich,John Dietrich,6/11/2020,2020,TB,2,2,99,HHMMM,21,,,,,,,,1.96,1.96,T,,10x50cm,0.05,39.2,392,0,0,T,0,0,T,,30,30,T,0,0,T,0,0,T,,,supplimental clip strip,,
John Dietrich,John Dietrich,6/11/2020,2020,TB,2,2,75,HHMMM,22,,,,,,,,2.73,2.73,T,,10x50cm,0.05,54.6,546,0,0,T,0,0,T,,0,0,T,0,0,T,0,0,T,,,supplimental clip strip,,
John Dietrich,John Dietrich,6/11/2020,2020,TB,2,2,1,HHMMM,23,,,,,,,,2.65,2.65,T,,10x50cm,0.05,53,530,0,0,T,0,0,T,,0,0,T,0,0,T,0,0,T,,,supplimental clip strip,,
John Dietrich,John Dietrich,6/11/2020,2020,TB,2,2,25,HHMMM,24,,,,,,,,2.87,2.87,T,,10x50cm,0.05,57.4,574,0,0,T,0,0,T,,0,0,T,0,0,T,2,2,T,,,supplimental clip strip,,
John Dietrich,John Dietrich,6/11/2020,2020,TB,2,1,1,MMMMM,25,,,,,,,,3.41,3.41,T,,10x50cm,0.05,68.2,682,0,0,T,0,0,T,,0,0,T,0,0,T,0,0,T,,,supplimental clip strip,,
John Dietrich,John Dietrich,6/11/2020,2020,TB,2,1,50,MMMMM,27,,,,,,,,10.96,10.96,T,,10x50cm,0.05,219.2,2192,0,0,T,0,0,T,,0,0,T,0,0,T,0,0,T,,,supplimental clip strip,,
John Dietrich,John Dietrich,6/11/2020,2020,TB,2,1,99,MMMMM,28,,,,,,,,2.45,2.45,T,,10x50cm,0.05,49,490,0,0,T,0,0,T,,0,0,T,0,0,T,0,0,T,,,supplimental clip strip,,
John Dietrich,John Dietrich,6/11/2020,2020,TB,3,2,75,HHMMM,46,,,,,,,,2.49,2.49,T,,10x50cm,0.05,49.8,498,0,0,T,0,0,T,,2,2,T,0,0,T,0,0,T,,,supplimental clip strip,,
John Dietrich,John Dietrich,6/30/2020,2020,TB,1,2,75,HHMMM,1,18.26,18.26,TRUE,25.26,25.26,TRUE,7,7.00,see col k-Q,FALSE,,10x50cm,0.05,140,1400,1,1,T,2,2,T,,0,0,T,0,0,T,0,0,T,,,2 clad,,
John Dietrich,John Dietrich,6/30/2020,2020,TB,1,2,99,HHMMM,2,17.6,17.6,TRUE,21.41,21.41,TRUE,3.81,3.81,see col k-Q,FALSE,,10x50cm,0.05,76.2,762,<1,<1,T,1,1,T,,0,0,T,0,0,T,0,0,T,,,1 baby clad,,
John Dietrich,John Dietrich,6/30/2020,2020,TB,1,2,1,HHMMM,3,18.68,18.68,TRUE,22.57,22.57,TRUE,3.89,3.89,see col k-Q,FALSE,,10x50cm,0.05,77.8,778,0,0,T,0,0,T,,0,0,T,0,0,T,0,0,T,,,,,
John Dietrich,John Dietrich,6/30/2020,2020,TB,1,2,2,HHMMM,4,18.51,18.51,TRUE,23.03,23.03,TRUE,4.52,4.52,see col k-Q,FALSE,,10x50cm,0.05,90.4,904,0,0,T,0,0,T,,0,0,T,0,0,T,0,0,T,,,,,
John Dietrich,John Dietrich,6/30/2020,2020,TB,1,2,50,HHMMM,5,17.84,17.84,TRUE,22.71,22.71,TRUE,4.87,4.87,see col k-Q,FALSE,,10x50cm,0.05,97.4,974,0,0,T,0,0,T,,0,0,T,0,0,T,0,0,T,,,,,
John Dietrich,John Dietrich,6/30/2020,2020,TB,1,2,25,HHMMM,6,18.43,18.43,TRUE,23.91,23.91,TRUE,5.48,5.48,see col k-Q,FALSE,,10x50cm,0.05,109.6,1096,0,0,T,0,0,T,,0,0,T,0,0,T,0,0,T,,,,,
John Dietrich,John Dietrich,6/30/2020,2020,TB,1,3,2,MLLMM,7,18.24,18.24,TRUE,24.24,24.24,TRUE,6,6.00,see col k-Q,FALSE,,10x50cm,0.05,120,1200,0,0,T,0,0,T,,0,0,T,0,0,T,0,0,T,,,,,
John Dietrich,John Dietrich,6/30/2020,2020,TB,1,3,75,MLLMM,8,17.69,17.69,TRUE,20.81,20.81,TRUE,3.12,3.12,see col k-Q,FALSE,,10x50cm,0.05,62.4,624,0,0,T,0,0,T,,0,0,T,0,0,T,0,0,T,,,,,
John Dietrich,John Dietrich,6/30/2020,2020,TB,1,3,1,MLLMM,9,17.76,17.76,TRUE,21.18,21.18,TRUE,3.42,3.42,see col k-Q,FALSE,,10x50cm,0.05,68.4,684,0,0,T,0,0,T,,0,0,T,0,0,T,1,1,T,,,,,
John Dietrich,John Dietrich,6/30/2020,2020,TB,1,3,99,MLLMM,10,18.59,18.59,TRUE,21.41,21.41,TRUE,2.82,2.82,see col k-Q,FALSE,,10x50cm,0.05,56.4,564,0,0,T,0,0,T,,0,0,T,0,0,T,0,0,T,,,,,
John Dietrich,John Dietrich,6/30/2020,2020,TB,1,3,50,MLLMM,11,18.84,18.84,TRUE,26.66,26.66,TRUE,7.82,7.82,see col k-Q,FALSE,,10x50cm,0.05,156.4,1564,0,0,T,0,0,T,,0,0,T,0,0,T,0,0,T,,,,,
John Dietrich,John Dietrich,6/30/2020,2020,TB,1,3,25,MLLMM,12,17.4,17.4,TRUE,22.7,22.7,TRUE,5.3,5.30,see col k-Q,FALSE,,10x50cm,0.05,106,1060,0,0,T,0,0,T,,0,0,T,0,0,T,0,0,T,,,,,
John Dietrich,John Dietrich,6/30/2020,2020,TB,1,1,50,MMMMM,13,19.25,19.25,TRUE,25.33,25.33,TRUE,6.08,6.08,see col k-Q,FALSE,,10x50cm,0.05,121.6,1216,1,1,T,2,2,T,,0,0,T,0,0,T,0,0,T,,,2 clad,,
John Dietrich,John Dietrich,6/30/2020,2020,TB,1,1,75,MMMMM,14,18.9,18.9,TRUE,25.41,25.41,TRUE,6.51,6.51,see col k-Q,FALSE,,10x50cm,0.05,130.2,1302,2,2,T,2,2,T,,0,0,T,0,0,T,0,0,T,,,2 clad,,
John Dietrich,John Dietrich,6/30/2020,2020,TB,1,1,2,MMMMM,15,17.06,17.06,TRUE,22.48,22.48,TRUE,5.42,5.42,see col k-Q,FALSE,,10x50cm,0.05,108.4,1084,0,0,T,0,0,T,,0,0,T,0,0,T,0,0,T,,,,,
John Dietrich,John Dietrich,6/30/2020,2020,TB,1,1,25,MMMMM,16,16.82,16.82,TRUE,27.91,27.91,TRUE,11.09,11.09,see col k-Q,FALSE,,10x50cm,0.05,221.8,2218,0,0,T,0,0,T,,0,0,T,0,0,T,0,0,T,,,,,
John Dietrich,John Dietrich,6/30/2020,2020,TB,1,1,1,MMMMM,17,18.3,18.3,TRUE,25.65,25.65,TRUE,7.35,7.35,see col k-Q,FALSE,,10x50cm,0.05,147,1470,8,8,T,7,7,T,,0,0,T,0,0,T,0,0,T,,,7 clad,,
John Dietrich,John Dietrich,6/30/2020,2020,TB,1,1,99,MMMMM,18,19.08,19.08,TRUE,24.8,24.8,TRUE,5.72,5.72,see col k-Q,FALSE,,10x50cm,0.05,114.4,1144,0,0,T,0,0,T,,0,0,T,0,0,T,0,0,T,,,,,
John Dietrich,John Dietrich,6/30/2020,2020,TB,2,2,50,HHMMM,19,17.15,17.15,TRUE,21.95,21.95,TRUE,4.8,4.80,see col k-Q,FALSE,,10x50cm,0.05,96,960,2,2,T,2,2,T,,0,0,T,0,0,T,0,0,T,,,2 clad,,
John Dietrich,John Dietrich,6/30/2020,2020,TB,2,2,2,HHMMM,20,17.56,17.56,TRUE,24.51,24.51,TRUE,6.95,6.95,see col k-Q,FALSE,,10x50cm,0.05,139,1390,0,0,T,0,0,T,,0,0,T,0,0,T,0,0,T,,,,,
John Dietrich,John Dietrich,6/30/2020,2020,TB,2,2,99,HHMMM,21,18.65,18.65,TRUE,21.58,21.58,TRUE,2.93,2.93,see col k-Q,FALSE,,10x50cm,0.05,58.6,586,0,0,T,0,0,T,,0,0,T,0,0,T,<1,<1,T,,,,,
John Dietrich,John Dietrich,6/30/2020,2020,TB,2,2,75,HHMMM,22,17.76,17.76,TRUE,20,20,TRUE,2.24,2.24,see col k-Q,FALSE,,10x50cm,0.05,44.8,448,0,0,T,0,0,T,,0,0,T,0,0,T,0,0,T,,,,,
John Dietrich,John Dietrich,6/30/2020,2020,TB,2,2,1,HHMMM,23,17.62,17.62,TRUE,19.47,19.47,TRUE,1.85,1.85,see col k-Q,FALSE,,10x50cm,0.05,37,370,0,0,T,0,0,T,,0,0,T,0,0,T,0,0,T,,,,,
John Dietrich,John Dietrich,6/30/2020,2020,TB,2,2,25,HHMMM,24,18.64,18.64,TRUE,21.25,21.25,TRUE,2.61,2.61,see col k-Q,FALSE,,10x50cm,0.05,52.2,522,0,0,T,0,0,T,,1,1,T,0,0,T,1,1,T,,,,,
John Dietrich,John Dietrich,6/30/2020,2020,TB,2,1,1,MMMMM,25,18.81,18.81,TRUE,21.22,21.22,TRUE,2.41,2.41,see col k-Q,FALSE,,10x50cm,0.05,48.2,482,0,0,T,0,0,T,,0,0,T,0,0,T,0,0,T,,,,,
John Dietrich,John Dietrich,6/30/2020,2020,TB,2,1,75,MMMMM,26,18.76,18.76,TRUE,21.72,21.72,TRUE,2.96,2.96,see col k-Q,FALSE,,10x50cm,0.05,59.2,592,<1,<1,T,1,1,T,,0,0,T,0,0,T,0,0,T,,,1 baby clad,,
John Dietrich,John Dietrich,6/30/2020,2020,TB,2,1,50,MMMMM,27,17.56,17.56,TRUE,22.54,22.54,TRUE,4.98,4.98,see col k-Q,FALSE,,10x50cm,0.05,99.6,996,0,0,T,0,0,T,,0,0,T,0,0,T,2,2,T,,,,,
John Dietrich,John Dietrich,6/30/2020,2020,TB,2,1,99,MMMMM,28,17.46,17.46,TRUE,22.39,22.39,TRUE,4.93,4.93,see col k-Q,FALSE,,10x50cm,0.05,98.6,986,0,0,T,0,0,T,,0,0,T,0,0,T,0,0,T,,,,,
John Dietrich,John Dietrich,6/30/2020,2020,TB,2,1,2,MMMMM,29,18.71,18.71,TRUE,21.9,21.9,TRUE,3.19,3.19,see col k-Q,FALSE,,10x50cm,0.05,63.8,638,0,0,T,0,0,T,,0,0,T,0,0,T,1,1,T,,,,,
John Dietrich,John Dietrich,6/30/2020,2020,TB,2,1,25,MMMMM,30,17.77,17.77,TRUE,20.84,20.84,TRUE,3.07,3.07,see col k-Q,FALSE,,10x50cm,0.05,61.4,614,0,0,T,0,0,T,,0,0,T,0,0,T,20,20,T,,,,,
John Dietrich,John Dietrich,6/30/2020,2020,TB,2,3,99,MLLMM,31,17.93,17.93,TRUE,21.73,21.73,TRUE,3.8,3.80,see col k-Q,FALSE,,10x50cm,0.05,76,760,0,0,T,0,0,T,,0,0,T,0,0,T,0,0,T,,,,,
John Dietrich,John Dietrich,6/30/2020,2020,TB,2,3,25,MLLMM,32,17.64,17.64,TRUE,21.8,21.8,TRUE,4.16,4.16,see col k-Q,FALSE,,10x50cm,0.05,83.2,832,0,0,T,0,0,T,,0,0,T,0,0,T,0,0,T,,,,,
John Dietrich,John Dietrich,6/30/2020,2020,TB,2,3,75,MLLMM,33,18.08,18.08,TRUE,21.83,21.83,TRUE,3.75,3.75,see col k-Q,FALSE,,10x50cm,0.05,75,750,0,0,T,0,0,T,,0,0,T,0,0,T,0,0,T,,,,,
John Dietrich,John Dietrich,6/30/2020,2020,TB,2,3,1,MLLMM,34,18.9,18.96,FALSE,21.53,21.53,TRUE,2.63,2.63,see col k-Q,FALSE,,10x50cm,0.05,52.6,526,0,0,T,0,0,T,,0,0,T,0,0,T,0,0,T,,,,,
John Dietrich,John Dietrich,6/30/2020,2020,TB,2,3,50,MLLMM,35,17.15,17.15,TRUE,21.04,21.04,TRUE,3.89,3.89,see col k-Q,FALSE,,10x50cm,0.05,77.8,778,0,0,T,0,0,T,,0,0,T,0,0,T,0,0,T,,,,,
John Dietrich,John Dietrich,6/30/2020,2020,TB,2,3,2,MLLMM,36,17.21,17.21,TRUE,19.36,19.36,TRUE,2.15,2.15,see col k-Q,FALSE,,10x50cm,0.05,43,430,1,1,T,1,1,T,,0,0,T,0,0,T,0,0,T,,,1 clad,,
John Dietrich,John Dietrich,7/1/2020,2020,TB,3,3,75,MLLMM,37,18.48,18.48,TRUE,21.94,21.94,TRUE,3.46,3.46,see col k-Q,FALSE,,10x50cm,0.05,69.2,692,0,0,T,0,0,T,,0,0,T,0,0,T,5,5,T,,,,,
John Dietrich,John Dietrich,7/1/2020,2020,TB,3,3,25,MLLMM,38,18.83,18.83,TRUE,24.75,24.75,TRUE,5.92,5.92,see col k-Q,FALSE,,10x50cm,0.05,118.4,1184,15,15,T,3,3,T,,0,0,T,0,0,T,0,0,T,,,3 clad,,
John Dietrich,John Dietrich,7/1/2020,2020,TB,3,3,1,MLLMM,39,17.79,17.79,TRUE,21.93,21.93,TRUE,4.14,4.14,see col k-Q,FALSE,,10x50cm,0.05,82.8,828,0,0,T,0,0,T,,0,0,T,0,0,T,0,0,T,,,,,
John Dietrich,John Dietrich,7/1/2020,2020,TB,3,3,99,MLLMM,40,17.97,17.97,TRUE,25.93,25.93,TRUE,7.96,7.96,see col k-Q,FALSE,,10x50cm,0.05,159.2,1592,0,0,T,0,0,T,,0,0,T,0,0,T,0,0,T,,,,,
John Dietrich,John Dietrich,7/1/2020,2020,TB,3,3,2,MLLMM,41,17.95,17.95,TRUE,24.27,24.27,TRUE,6.32,6.32,see col k-Q,FALSE,,10x50cm,0.05,126.4,1264,0,0,T,0,0,T,,0,0,T,0,0,T,0,0,T,,,,,
John Dietrich,John Dietrich,7/1/2020,2020,TB,3,3,50,MLLMM,42,17.72,17.72,TRUE,25.76,25.76,TRUE,8.04,8.04,see col k-Q,FALSE,,10x50cm,0.05,160.8,1608,0,0,T,0,0,T,,0,0,T,0,0,T,0,0,T,,,,,
John Dietrich,John Dietrich,7/1/2020,2020,TB,3,2,1,HHMMM,43,18.05,18.05,TRUE,21.24,21.24,TRUE,3.19,3.19,see col k-Q,FALSE,,10x50cm,0.05,63.8,638,0,0,T,0,0,T,,0,0,T,0,0,T,0,0,T,,,,,
John Dietrich,John Dietrich,7/1/2020,2020,TB,3,2,25,HHMMM,44,18.21,18.21,TRUE,21.74,21.74,TRUE,3.53,3.53,see col k-Q,FALSE,,10x50cm,0.05,70.6,706,0,0,T,0,0,T,,0,0,T,0,0,T,0,0,T,,,,,
John Dietrich,John Dietrich,7/1/2020,2020,TB,3,2,50,HHMMM,45,17.99,17.99,TRUE,22.22,22.22,TRUE,4.23,4.23,see col k-Q,FALSE,,10x50cm,0.05,84.6,846,0,0,T,0,0,T,,55,55,T,0,0,T,0,0,T,,,,,
John Dietrich,John Dietrich,7/1/2020,2020,TB,3,2,75,HHMMM,46,17.32,17.32,TRUE,18.73,18.73,TRUE,1.41,1.41,see col k-Q,FALSE,,10x50cm,0.05,28.2,282,0,0,T,0,0,T,,0,0,T,0,0,T,0,0,T,,,,,
John Dietrich,John Dietrich,7/1/2020,2020,TB,3,2,99,HHMMM,47,18.87,18.87,TRUE,23.79,23.79,TRUE,4.92,4.92,see col k-Q,FALSE,,10x50cm,0.05,98.4,984,0,0,T,0,0,T,,0,0,T,0,0,T,0,0,T,,,,,
John Dietrich,John Dietrich,7/1/2020,2020,TB,3,2,2,HHMMM,48,18.22,18.22,TRUE,20.54,20.54,TRUE,2.32,2.32,see col k-Q,FALSE,,10x50cm,0.05,46.4,464,0,0,T,0,0,T,,<1,<1,T,3,3,T,0,0,T,,,,,
John Dietrich,John Dietrich,7/1/2020,2020,TB,3,1,50,MMMMM,49,16.74,16.74,TRUE,26.27,26.27,TRUE,9.53,9.53,see col k-Q,FALSE,,10x50cm,0.05,190.6,1906,0,0,T,0,0,T,,0,0,T,0,0,T,0,0,T,,,,,
John Dietrich,John Dietrich,7/1/2020,2020,TB,3,1,25,MMMMM,50,17.82,17.82,TRUE,24.61,24.61,TRUE,6.79,6.79,see col k-Q,FALSE,,10x50cm,0.05,135.8,1358,0,0,T,0,0,T,,<1,<1,T,0,0,T,0,0,T,,,,,
John Dietrich,John Dietrich,7/1/2020,2020,TB,3,1,99,MMMMM,51,18.8,18.8,TRUE,26.11,26.11,TRUE,7.31,7.31,see col k-Q,FALSE,,10x50cm,0.05,146.2,1462,0,0,T,0,0,T,,0,0,T,<1,<1,T,0,0,T,,,,,
John Dietrich,John Dietrich,7/1/2020,2020,TB,3,1,1,MMMMM,52,17.72,17.72,TRUE,24.38,24.38,TRUE,6.66,6.66,see col k-Q,FALSE,,10x50cm,0.05,133.2,1332,0,0,T,0,0,T,,10,10,T,0,0,T,0,0,T,,,,,
John Dietrich,John Dietrich,7/1/2020,2020,TB,3,1,2,MMMMM,53,17.37,17.37,TRUE,22.91,22.91,TRUE,5.54,5.54,see col k-Q,FALSE,,10x50cm,0.05,110.8,1108,0,0,T,0,0,T,,0,0,T,0,0,T,0,0,T,,,,,
John Dietrich,John Dietrich,7/1/2020,2020,TB,3,1,75,MMMMM,54,18.41,18.41,TRUE,21.72,21.72,TRUE,3.31,3.31,see col k-Q,FALSE,,10x50cm,0.05,66.2,662,0,0,T,0,0,T,,0,0,T,0,0,T,0,0,T,,,,,
John Dietrich,John Dietrich,7/4/2020,2020,TB,1,3,99,MLLMM,10,,,,,,,0,4.88,4.88,T,,10x50cm,0.05,97.6,976,0,0,T,0,0,T,,20,20,T,0,0,T,0,0,T,,,supplimental clip strip cows have been in block since 7/2,,
John Dietrich,John Dietrich,7/4/2020,2020,TB,2,2,99,HHMMM,21,,,,,,,0,2.77,2.77,T,,10x50cm,0.05,55.4,554,0,0,T,0,0,T,,0,0,T,0,0,T,0,0,T,,,supplimental clip strip cows have been in block since 7/3,,
John Dietrich,John Dietrich,7/4/2020,2020,TB,2,2,75,HHMMM,22,,,,,,,0,1.93,1.93,T,,10x50cm,0.05,38.6,386,0,0,T,0,0,T,,0,0,T,0,0,T,0,0,T,,,supplimental clip strip cows have been in block since 7/4,,
John Dietrich,John Dietrich,7/4/2020,2020,TB,2,2,1,HHMMM,23,,,,,,,0,1.63,1.63,T,,10x50cm,0.05,32.6,326,0,0,T,0,0,T,,0,0,T,0,0,T,0,0,T,,,supplimental clip strip cows have been in block since 7/5,,
John Dietrich,John Dietrich,7/4/2020,2020,TB,2,2,25,HHMMM,24,,,,,,,0,1.84,1.84,T,,10x50cm,0.05,36.8,368,0,0,T,0,0,T,,0,0,T,0,0,T,7,7,T,,,supplimental clip strip cows have been in block since 7/6,,
John Dietrich,John Dietrich,7/4/2020,2020,TB,2,1,1,MMMMM,25,,,,,,,0,2.62,2.62,T,,10x50cm,0.05,52.4,524,10,10,T,3,3,T,,0,0,T,0,0,T,0,0,T,,,supplimental clip strip cows have been in block since 7/7,,
John Dietrich,John Dietrich,7/4/2020,2020,TB,2,1,75,MMMMM,26,,,,,,,0,2.20,2.2,T,,10x50cm,0.05,44,440,0,0,T,0,0,T,,0,0,T,0,0,T,0,0,T,,,supplimental clip strip cows have been in block since 7/8,,
John Dietrich,John Dietrich,7/4/2020,2020,TB,2,3,1,MLLMM,34,,,,,,,0,2.95,2.95,T,,10x50cm,0.05,59,590,3,3,T,1,1,T,,0,0,T,0,0,T,0,0,T,,,supplimental clip strip cows have been in block since 7/9,,
John Dietrich,John Dietrich,7/4/2020,2020,TB,2,3,2,MLLMM,36,,,,,,,0,1.99,1.99,T,,10x50cm,0.05,39.8,398,0,0,T,0,0,T,,0,0,T,0,0,T,0,0,T,,,supplimental clip strip cows have been in block since 7/10,,
John Dietrich,John Dietrich,7/4/2020,2020,TB,3,2,75,HHMMM,46,,,,,,,0,4.08,4.08,T,,10x50cm,0.05,81.6,816,0,0,T,0,0,T,,30,30,T,0,0,T,0,0,T,,,supplimental clip strip cows have been in block since 7/11,,
John Dietrich,John Dietrich,7/4/2020,2020,TB,3,2,2,HHMMM,48,,,,,,,0,2.17,2.17,T,,10x50cm,0.05,43.4,434,0,0,T,0,0,T,,0,0,T,0,0,T,0,0,T,,,supplimental clip strip cows have been in block since 7/12,,
John Dietrich,John Dietrich,6/1/2021,2021,TB,3,2,75,HHMMM,1,15.39,15.39,T,20.95,20.95,T,5.56,5.56,see col k-Q,FALSE,,20x50cm,0.1,55.6,556,1,1,T,0,0,T,,0,0,T,0,0,T,0,0,T,,,,,
John Dietrich,John Dietrich,6/1/2021,2021,TB,3,2,99,HHMMM,2,15.9,15.9,T,22.31,22.31,T,6.41,6.41,see col k-Q,FALSE,,20x50cm,0.1,64.1,641,0,0,T,0,0,T,,13,13,T,0,0,T,0,0,T,,,,,
John Dietrich,John Dietrich,6/1/2021,2021,TB,3,2,1,HHMMM,3,16.45,16.45,T,24.02,24.02,T,7.57,7.57,see col k-Q,FALSE,,20x50cm,0.1,75.7,757,0,0,T,0,0,T,,0,0,T,0,0,T,0,0,T,,,,,
John Dietrich,John Dietrich,6/1/2021,2021,TB,3,2,2,HHMMM,4,15.85,15.85,T,24.69,24.69,T,8.84,8.84,see col k-Q,FALSE,,20x50cm,0.1,88.4,884,0,0,T,0,0,T,,0,0,T,0,0,T,0,0,T,,,,,
John Dietrich,John Dietrich,6/1/2021,2021,TB,3,2,50,HHMMM,5,15.83,15.83,T,24.48,24.48,T,8.65,8.65,see col k-Q,FALSE,,20x50cm,0.1,86.5,865,2,2,T,0,0,T,,0,0,T,0,0,T,0,0,T,,,,,
John Dietrich,John Dietrich,6/1/2021,2021,TB,3,2,25,HHMMM,6,16.46,16.46,T,25.03,25.03,T,8.57,8.57,see col k-Q,FALSE,,20x50cm,0.1,85.7,857,0,0,T,0,0,T,,0,0,T,0,0,T,0,0,T,,,,,
John Dietrich,John Dietrich,6/1/2021,2021,TB,3,2,2,MLLMM,7,15.74,15.74,T,27.81,27.81,T,12.07,12.07,see col k-Q,FALSE,,20x50cm,0.1,120.7,1207,0,0,T,0,0,T,,0,0,T,0,0,T,0,0,T,,,,,
John Dietrich,John Dietrich,6/1/2021,2021,TB,3,2,75,MLLMM,8,16.12,16.12,T,22.02,22.02,T,5.9,5.9,see col k-Q,FALSE,,20x50cm,0.1,59,590,0,0,T,0,0,T,,0,0,T,0,0,T,0,0,T,,,,,
John Dietrich,John Dietrich,6/1/2021,2021,TB,3,2,1,MLLMM,9,15.85,15.85,T,20.06,20.06,T,4.21,4.21,see col k-Q,FALSE,,20x50cm,0.1,42.1,421,0,0,T,0,0,T,,0,0,T,0,0,T,<1,<1,T,,,,,
John Dietrich,John Dietrich,6/1/2021,2021,TB,3,2,99,MLLMM,10,16.13,16.13,T,21.39,21.39,T,5.26,5.26,see col k-Q,FALSE,,20x50cm,0.1,52.6,526,0,0,T,0,0,T,,8,8,T,0,0,T,0,0,T,,,,,
John Dietrich,John Dietrich,6/1/2021,2021,TB,3,2,50,MLLMM,11,15.99,15.99,T,23.42,23.42,T,7.43,7.43,see col k-Q,FALSE,,20x50cm,0.1,74.3,743,0,0,T,0,0,T,,0,0,T,0,0,T,0,0,T,,,,,
John Dietrich,John Dietrich,6/1/2021,2021,TB,3,2,25,MLLMM,12,15.82,15.82,T,20.98,20.98,T,5.16,5.16,see col k-Q,FALSE,,20x50cm,0.1,51.6,516,0,0,T,0,0,T,,0,0,T,0,0,T,6,6,T,,,,,
John Dietrich,John Dietrich,6/1/2021,2021,TB,3,2,50,MMMMM,13,15.85,15.85,T,22.72,22.72,T,6.87,6.87,see col k-Q,FALSE,,20x50cm,0.1,68.7,687,0,0,T,0,0,T,,0,0,T,0,0,T,0,0,T,,,,,
John Dietrich,John Dietrich,6/1/2021,2021,TB,3,2,75,MMMMM,14,16.25,16.25,T,21.87,21.87,T,5.62,5.62,see col k-Q,FALSE,,20x50cm,0.1,56.2,562,5,5,T,0,0,T,,2,2,T,0,0,T,0,0,T,,,,,
John Dietrich,John Dietrich,6/1/2021,2021,TB,3,2,2,MMMMM,15,16.22,16.22,T,26.09,26.09,T,9.87,9.87,see col k-Q,FALSE,,20x50cm,0.1,98.7,987,0,0,T,0,0,T,,0,0,T,0,0,T,0,0,T,,,,,
John Dietrich,John Dietrich,6/1/2021,2021,TB,3,2,25,MMMMM,16,15.45,15.45,T,21.49,21.49,T,6.04,6.04,see col k-Q,FALSE,,20x50cm,0.1,60.4,604,10,10,T,6,6,T,,0,0,T,0,0,T,0,0,T,,,,,
John Dietrich,John Dietrich,6/1/2021,2021,TB,3,2,1,MMMMM,17,15.84,15.84,T,25.35,25.35,T,9.51,9.51,see col k-Q,FALSE,,20x50cm,0.1,95.1,951,0,0,T,0,0,T,,0,0,T,0,0,T,0,0,T,,,,,
John Dietrich,John Dietrich,6/1/2021,2021,TB,3,2,99,MMMMM,18,16.25,16.25,T,19.37,19.37,T,3.12,3.12,see col k-Q,FALSE,,20x50cm,0.1,31.2,312,0,0,T,0,0,T,,0,0,T,0,0,T,0,0,T,,,,,
John Dietrich,John Dietrich,6/1/2021,2021,TB,3,2,50,HHMMM,19,15.56,15.56,T,20.03,20.03,T,4.47,4.47,see col k-Q,FALSE,,20x50cm,0.1,44.7,447,0,0,T,0,0,T,,0,0,T,0,0,T,0,0,T,,,,,
John Dietrich,John Dietrich,6/1/2021,2021,TB,3,2,2,HHMMM,20,15.49,15.49,T,21.33,21.33,T,5.84,5.84,see col k-Q,FALSE,,20x50cm,0.1,58.4,584,0,0,T,0,0,T,,0,0,T,0,0,T,0,0,T,,,,,
John Dietrich,John Dietrich,6/1/2021,2021,TB,3,2,99,HHMMM,21,16.04,16.04,T,18.52,18.52,T,2.48,2.48,see col k-Q,FALSE,,20x50cm,0.1,24.8,248,5,5,T,0,0,T,,0,0,T,0,0,T,0,0,T,,,,,
John Dietrich,John Dietrich,6/1/2021,2021,TB,3,2,75,HHMMM,22,16.01,16.01,T,18.76,18.76,T,2.75,2.75,see col k-Q,FALSE,,20x50cm,0.1,27.5,275,0,0,T,0,0,T,,0,0,T,0,0,T,0,0,T,,,,,
John Dietrich,John Dietrich,6/1/2021,2021,TB,3,2,1,HHMMM,23,15.7,15.7,T,20.54,20.54,T,4.84,4.84,see col k-Q,FALSE,,20x50cm,0.1,48.4,484,2,2,T,0,0,T,,0,0,T,0,0,T,0,0,T,,,,,
John Dietrich,John Dietrich,6/1/2021,2021,TB,3,2,25,HHMMM,24,15.79,15.79,T,20.25,20.25,T,4.46,4.46,see col k-Q,FALSE,,20x50cm,0.1,44.6,446,0,0,T,0,0,T,,<1,<1,T,0,0,T,2,2,T,,,,,
John Dietrich and Rachel Snodgrass,John Dietrich,6/2/2021,2021,TB,3,2,1,MMMMM,25,15.96,15.96,T,20.64,20.64,T,4.68,4.68,see col k-Q,FALSE,,20x50cm,0.1,46.8,468,0,0,T,0,0,T,,0,0,T,0,0,T,0,0,T,,,,,
John Dietrich and Rachel Snodgrass,John Dietrich,6/2/2021,2021,TB,3,2,75,MMMMM,26,15.99,15.99,T,19.84,19.84,T,3.85,3.85,see col k-Q,FALSE,,20x50cm,0.1,38.5,385,0,0,T,0,0,T,,0,0,T,0,0,T,0,0,T,,,,,
John Dietrich and Rachel Snodgrass,John Dietrich,6/2/2021,2021,TB,3,2,50,MMMMM,27,16.14,16.14,T,21.65,21.65,T,5.51,5.51,see col k-Q,FALSE,,20x50cm,0.1,55.1,551,0,0,T,0,0,T,,0,0,T,0,0,T,3,3,T,,,,,
John Dietrich and Rachel Snodgrass,John Dietrich,6/2/2021,2021,TB,3,2,99,MMMMM,28,16.33,16.33,T,22.15,22.15,T,5.82,5.82,see col k-Q,FALSE,,20x50cm,0.1,58.2,582,0,0,T,0,0,T,,0,0,T,0,0,T,0,0,T,,,,,
John Dietrich and Rachel Snodgrass,John Dietrich,6/2/2021,2021,TB,3,2,2,MMMMM,29,15.96,15.96,T,29.89,29.89,T,13.93,13.93,see col k-Q,FALSE,,20x50cm,0.1,139.3,1393,0,0,T,0,0,T,,2,2,T,0,0,T,0,0,T,,,,,
John Dietrich and Rachel Snodgrass,John Dietrich,6/2/2021,2021,TB,3,2,25,MMMMM,30,16.16,16.16,T,23.08,23.08,T,6.92,6.92,see col k-Q,FALSE,,20x50cm,0.1,69.2,692,0,0,T,0,0,T,,0,0,T,0,0,T,<1,<1,T,,,,,
John Dietrich and Rachel Snodgrass,John Dietrich,6/2/2021,2021,TB,3,2,99,MLLMM,31,16.03,16.03,T,22.78,22.78,T,6.75,6.75,see col k-Q,FALSE,,20x50cm,0.1,67.5,675,12,12,T,6,6,T,,0,0,T,0,0,T,0,0,T,,,,,
John Dietrich and Rachel Snodgrass,John Dietrich,6/2/2021,2021,TB,3,2,25,MLLMM,32,16.32,16.32,T,22.46,22.46,T,6.14,6.14,see col k-Q,FALSE,,20x50cm,0.1,61.4,614,0,0,T,0,0,T,,0,0,T,0,0,T,1,1,T,,,,,
John Dietrich and Rachel Snodgrass,John Dietrich,6/2/2021,2021,TB,3,2,75,MLLMM,33,16.19,16.19,T,21.19,21.19,T,5,5,see col k-Q,FALSE,,20x50cm,0.1,50,500,0,0,T,0,0,T,,0,0,T,0,0,T,0,0,T,,,,,
John Dietrich and Rachel Snodgrass,John Dietrich,6/2/2021,2021,TB,3,2,1,MLLMM,34,15.59,15.59,T,23.45,23.45,T,7.86,7.86,see col k-Q,FALSE,,20x50cm,0.1,78.6,786,0,0,T,0,0,T,,0,0,T,<1,<1,T,0,0,T,,,,,
John Dietrich and Rachel Snodgrass,John Dietrich,6/2/2021,2021,TB,3,2,50,MLLMM,35,15.96,15.96,T,21.39,21.39,T,5.43,5.43,see col k-Q,FALSE,,20x50cm,0.1,54.3,543,0,0,T,0,0,T,,0,0,T,0,0,T,0,0,T,,,,,
John Dietrich and Rachel Snodgrass,John Dietrich,6/2/2021,2021,TB,3,2,2,MLLMM,36,16.27,16.27,T,21.94,21.94,T,5.67,5.67,see col k-Q,FALSE,,20x50cm,0.1,56.7,567,5,5,T,4,4,T,,0,0,T,0,0,T,0,0,T,,,,,
John Dietrich and Rachel Snodgrass,John Dietrich,6/2/2021,2021,TB,3,2,75,MLLMM,37,16.36,16.36,T,23.62,23.62,T,7.26,7.26,see col k-Q,FALSE,,20x50cm,0.1,72.6,726,1,1,T,0,0,T,,<1,<1,T,0,0,T,0,0,T,,,,,
John Dietrich and Rachel Snodgrass,John Dietrich,6/2/2021,2021,TB,3,2,25,MLLMM,38,15.95,15.95,T,25.7,25.7,T,9.75,9.75,see col k-Q,FALSE,,20x50cm,0.1,97.5,975,0,0,T,0,0,T,,0,0,T,0,0,T,0,0,T,,,,,
John Dietrich and Rachel Snodgrass,John Dietrich,6/2/2021,2021,TB,3,2,1,MLLMM,39,16.13,16.13,T,24.61,24.61,T,8.48,8.48,see col k-Q,FALSE,,20x50cm,0.1,84.8,848,0,0,T,0,0,T,,0,0,T,0,0,T,0,0,T,,,,,
John Dietrich and Rachel Snodgrass,John Dietrich,6/2/2021,2021,TB,3,2,99,MLLMM,40,16.05,16.05,T,30.62,30.62,T,14.57,14.57,see col k-Q,FALSE,,20x50cm,0.1,145.7,1457,10,10,T,7,7,T,,0,0,T,0,0,T,0,0,T,,,,,
John Dietrich and Rachel Snodgrass,John Dietrich,6/2/2021,2021,TB,3,2,2,MLLMM,41,16.16,16.16,T,30.01,30.01,T,13.85,13.85,see col k-Q,FALSE,,20x50cm,0.1,138.5,1385,0,0,T,0,0,T,,0,0,T,0,0,T,0,0,T,,,,,
John Dietrich and Rachel Snodgrass,John Dietrich,6/2/2021,2021,TB,3,2,50,MLLMM,42,16.1,16.1,T,30.81,30.81,T,14.71,14.71,see col k-Q,FALSE,,20x50cm,0.1,147.1,1471,8,8,T,3,3,T,,0,0,T,0,0,T,0,0,T,,,,,
John Dietrich and Rachel Snodgrass,John Dietrich,6/2/2021,2021,TB,3,2,1,HHMMM,43,16.08,16.08,T,23.82,23.82,T,7.74,7.74,see col k-Q,FALSE,,20x50cm,0.1,77.4,774,0,0,T,0,0,T,,0,0,T,0,0,T,0,0,T,,,Clipped in the wrong spot (species comp plot),,
John Dietrich and Rachel Snodgrass,John Dietrich,6/2/2021,2021,TB,3,2,25,HHMMM,44,15.73,15.73,T,26.57,26.57,T,10.84,10.84,see col k-Q,FALSE,,20x50cm,0.1,108.4,1084,0,0,T,0,0,T,,0,0,T,0,0,T,0,0,T,,,,,
John Dietrich and Rachel Snodgrass,John Dietrich,6/2/2021,2021,TB,3,2,50,HHMMM,45,16.24,16.24,T,23.83,23.83,T,7.59,7.59,see col k-Q,FALSE,,20x50cm,0.1,75.9,759,0,0,T,0,0,T,,0,0,T,0,0,T,0,0,T,,,,,
John Dietrich and Rachel Snodgrass,John Dietrich,6/2/2021,2021,TB,3,2,75,HHMMM,46,16.38,16.38,T,20.9,20.9,T,4.52,4.52,see col k-Q,FALSE,,20x50cm,0.1,45.2,452,7,7,T,6,6,T,,12,12,T,3,3,T,0,0,T,,,,,
John Dietrich and Rachel Snodgrass,John Dietrich,6/2/2021,2021,TB,3,2,99,HHMMM,47,16.06,16.06,T,26.05,26.05,T,9.99,9.99,see col k-Q,FALSE,,20x50cm,0.1,99.9,999,0,0,T,0,0,T,,0,0,T,0,0,T,0,0,T,,,,,
John Dietrich and Rachel Snodgrass,John Dietrich,6/2/2021,2021,TB,3,2,2,HHMMM,48,15.75,15.75,T,27.34,27.34,T,11.59,11.59,see col k-Q,FALSE,,20x50cm,0.1,115.9,1159,0,0,T,0,0,T,,<1,<1,T,0,0,T,0,0,T,,,,,
John Dietrich and Rachel Snodgrass,John Dietrich,6/2/2021,2021,TB,3,2,50,MMMMM,49,16.24,16.24,T,31.93,31.93,T,15.69,15.69,see col k-Q,FALSE,,20x50cm,0.1,156.9,1569,1,1,T,1,1,T,,0,0,T,0,0,T,0,0,T,,,,,
John Dietrich and Rachel Snodgrass,John Dietrich,6/2/2021,2021,TB,3,2,25,MMMMM,50,16.19,16.19,T,32.8,32.8,T,16.61,16.61,see col k-Q,FALSE,,20x50cm,0.1,166.1,1661,0,0,T,0,0,T,,0,0,T,0,0,T,0,0,T,,,,,
John Dietrich and Rachel Snodgrass,John Dietrich,6/2/2021,2021,TB,3,2,99,MMMMM,51,16.17,16.17,T,29.88,29.88,T,13.71,13.71,see col k-Q,FALSE,,20x50cm,0.1,137.1,1371,0,0,T,0,0,T,,0,0,T,<1,<1,T,0,0,T,,,,,
John Dietrich and Rachel Snodgrass,John Dietrich,6/2/2021,2021,TB,3,2,1,MMMMM,52,16.03,16.03,T,21.68,21.68,T,5.65,5.65,see col k-Q,FALSE,,20x50cm,0.1,56.5,565,0,0,T,0,0,T,,7,7,T,0,0,T,0,0,T,,,Clipped strips 3 and 4 instead of 2 and 3 because of tagged Brome in strip 2,,
John Dietrich and Rachel Snodgrass,John Dietrich,6/2/2021,2021,TB,3,2,2,MMMMM,53,15.72,15.72,T,25.44,25.44,T,9.72,9.72,see col k-Q,FALSE,,20x50cm,0.1,97.2,972,0,0,T,0,0,T,,2,2,T,0,0,T,0,0,T,,,,,
John Dietrich and Rachel Snodgrass,John Dietrich,6/2/2021,2021,TB,3,2,75,MMMMM,54,16.11,16.11,T,21.87,21.87,T,5.76,5.76,see col k-Q,FALSE,,20x50cm,0.1,57.6,576,0,0,T,0,0,T,,0,0,T,0,0,T,0,0,T,,,,,
John Dietrich and Rachel Snodgrass,John Dietrich,6/3/2021,2021,TB,3,2,1,MLLMM,9,16.09,16.09,T,18.46,18.46,T,2.37,2.37,see col k-Q,FALSE,,10x50cm,0.05,47.4,474,0,0,T,0,0,T,,0,0,T,0,0,T,<1,<1,T,,,supplimental clip strip,,
John Dietrich and Rachel Snodgrass,John Dietrich,6/3/2021,2021,TB,3,2,99,MLLMM,10,15.95,15.95,T,18.19,18.19,T,2.24,2.24,see col k-Q,FALSE,,10x50cm,0.05,44.8,448,0,0,T,0,0,T,,0,0,T,0,0,T,0,0,T,,,supplimental clip strip,,
John Dietrich and Rachel Snodgrass,John Dietrich,6/3/2021,2021,TB,3,2,25,MLLMM,12,16.4,16.4,T,19.24,19.24,T,2.84,2.84,see col k-Q,FALSE,,10x50cm,0.05,56.8,568,0,0,T,0,0,T,,0,0,T,0,0,T,0,0,T,,,supplimental clip strip,,
John Dietrich and Rachel Snodgrass,John Dietrich,6/3/2021,2021,TB,3,2,99,MMMMM,18,16.47,16.47,T,19.53,19.53,T,3.06,3.06,see col k-Q,FALSE,,10x50cm,0.05,61.2,612,0,0,T,0,0,T,,0,0,T,0,0,T,0,0,T,,,supplimental clip strip,,
John Dietrich and Rachel Snodgrass,John Dietrich,6/3/2021,2021,TB,3,2,50,HHMMM,19,15.93,15.93,T,17.89,17.89,T,1.96,1.96,see col k-Q,FALSE,,10x50cm,0.05,39.2,392,0,0,T,0,0,T,,0,0,T,0,0,T,0,0,T,,,supplimental clip strip,,
John Dietrich and Rachel Snodgrass,John Dietrich,6/3/2021,2021,TB,3,2,99,HHMMM,21,15.85,15.85,T,17.19,17.19,T,1.34,1.34,see col k-Q,FALSE,,10x50cm,0.05,26.8,268,0,0,T,0,0,T,,0,0,T,0,0,T,0,0,T,,,supplimental clip strip,,
John Dietrich and Rachel Snodgrass,John Dietrich,6/3/2021,2021,TB,3,2,75,HHMMM,22,16.42,16.42,T,17.7,17.7,T,1.28,1.28,see col k-Q,FALSE,,10x50cm,0.05,25.6,256,0,0,T,0,0,T,,0,0,T,0,0,T,0,0,T,,,supplimental clip strip,,
John Dietrich and Rachel Snodgrass,John Dietrich,6/3/2021,2021,TB,3,2,1,HHMMM,23,16.12,16.12,T,19.71,19.71,T,3.59,3.59,see col k-Q,FALSE,,10x50cm,0.05,71.8,718,<1,<1,T,1,1,T,,0,0,T,0,0,T,0,0,T,,,supplimental clip strip,,
John Dietrich and Rachel Snodgrass,John Dietrich,6/3/2021,2021,TB,3,2,25,HHMMM,24,16.11,16.11,T,18.72,18.72,T,2.61,2.61,see col k-Q,FALSE,,10x50cm,0.05,52.2,522,0,0,T,0,0,T,,4,4,T,0,0,T,7,7,T,,,supplimental clip strip,,
John Dietrich and Rachel Snodgrass,John Dietrich,6/3/2021,2021,TB,3,2,1,MMMMM,25,16.09,16.09,T,18.34,18.34,T,2.25,2.25,see col k-Q,FALSE,,10x50cm,0.05,45,450,0,0,T,0,0,T,,0,0,T,0,0,T,0,0,T,,,supplimental clip strip,,
John Dietrich and Rachel Snodgrass,John Dietrich,6/3/2021,2021,TB,3,2,75,MMMMM,26,15.83,15.83,T,17.91,17.91,T,2.08,2.08,see col k-Q,FALSE,,10x50cm,0.05,41.6,416,0,0,T,0,0,T,,0,0,T,0,0,T,0,0,T,,,supplimental clip strip,,
John Dietrich and Rachel Snodgrass,John Dietrich,6/3/2021,2021,TB,3,2,75,MLLMM,33,16.06,16.06,T,17.83,17.83,T,1.77,1.77,see col k-Q,FALSE,,10x50cm,0.05,35.4,354,0,0,T,0,0,T,,0,0,T,0,0,T,0,0,T,,,supplimental clip strip,,
John Dietrich and Rachel Snodgrass,John Dietrich,6/3/2021,2021,TB,3,2,75,HHMMM,46,16.11,16.11,T,17.9,17.9,T,1.79,1.79,see col k-Q,FALSE,,10x50cm,0.05,35.8,358,0,0,T,0,0,T,,1,1,T,0,0,T,0,0,T,,,supplimental clip strip,,
"John Dietrich, Kim Komatsu, Sally Koerner, Kevin Wilcox, Rose Terry",John Dietrich,6/28/2021,2021,TB,3,2,75,HHMMM,1,15.53,15.53,T,23.67,23.67,T,8.14,8.14,see col k-Q,FALSE,"1,4",2 (10x50cm),0.1,81.4,814,1,1,T,3,3,T,,0,0,T,0,0,T,0,0,T,,,3 clad,,
"John Dietrich, Kim Komatsu, Sally Koerner, Kevin Wilcox, Rose Terry",John Dietrich,6/28/2021,2021,TB,3,2,99,HHMMM,2,16.35,16.35,T,22.95,22.95,T,6.6,6.6,see col k-Q,FALSE,"1,4",2 (10x50cm),0.1,66,660,4,4,T,4,4,T,,0,0,T,0,0,T,<1,<1,T,,,4 clad,,
"John Dietrich, Kim Komatsu, Sally Koerner, Kevin Wilcox, Rose Terry",John Dietrich,6/28/2021,2021,TB,3,2,1,HHMMM,3,16.03,16.03,T,26.59,26.59,T,10.56,10.56,see col k-Q,FALSE,"4, 1/2 of 1, 1/2 of 5",2 (10x50cm),0.1,105.6,1056,0,0,T,0,0,T,,0,0,T,0,0,T,<1,<1,T,,,,,
"John Dietrich, Kim Komatsu, Sally Koerner, Kevin Wilcox, Rose Terry",John Dietrich,6/28/2021,2021,TB,3,2,2,HHMMM,4,16.3,16.3,T,25.7,25.7,T,9.4,9.4,see col k-Q,FALSE,"1,4",2 (10x50cm),0.1,94,940,0,0,T,0,0,T,,0,0,T,0,0,T,0,0,T,,,,,
"John Dietrich, Kim Komatsu, Sally Koerner, Kevin Wilcox, Rose Terry",John Dietrich,6/28/2021,2021,TB,3,2,50,HHMMM,5,16.48,16.48,T,29.01,29.01,T,12.53,12.53,see col k-Q,FALSE,"1,4",2 (10x50cm),0.1,125.3,1253,0,0,T,0,0,T,,0,0,T,0,0,T,0,0,T,,,,,
"John Dietrich, Kim Komatsu, Sally Koerner, Kevin Wilcox, Rose Terry",John Dietrich,6/28/2021,2021,TB,3,2,25,HHMMM,6,15.78,15.78,T,28.36,28.36,T,12.58,12.58,see col k-Q,FALSE,"1,4",2 (10x50cm),0.1,125.8,1258,0,0,T,0,0,T,,0,0,T,0,0,T,0,0,T,,,,,
"John Dietrich, Kim Komatsu, Sally Koerner, Kevin Wilcox, Rose Terry",John Dietrich,6/28/2021,2021,TB,3,2,2,MLLMM,7,16.26,16.26,T,28.54,28.54,T,12.28,12.28,see col k-Q,FALSE,"1,4",2 (10x50cm),0.1,122.8,1228,0,0,T,0,0,T,,0,0,T,0,0,T,0,0,T,,,,,
"John Dietrich, Kim Komatsu, Sally Koerner, Kevin Wilcox, Rose Terry",John Dietrich,6/28/2021,2021,TB,3,2,75,MLLMM,8,16.47,16.47,T,21.01,21.01,T,4.54,4.54,see col k-Q,FALSE,"1,4",2 (10x50cm),0.1,45.4,454,0,0,T,0,0,T,,0,0,T,0,0,T,0,0,T,,,,,
"John Dietrich, Kim Komatsu, Sally Koerner, Kevin Wilcox, Rose Terry",John Dietrich,6/28/2021,2021,TB,3,2,1,MLLMM,9,15.88,15.88,T,24.37,24.37,T,8.49,8.49,see col k-Q,FALSE,"1,4",2 (10x50cm),0.1,84.9,849,0,0,T,0,0,T,,0,0,T,0,0,T,12,12,T,,,,,
"John Dietrich, Kim Komatsu, Sally Koerner, Kevin Wilcox, Rose Terry",John Dietrich,6/28/2021,2021,TB,3,2,99,MLLMM,10,16.21,16.21,T,20.75,20.75,T,4.54,4.54,see col k-Q,FALSE,"1,4,5",3 (10x50cm),0.15,30.26666667,302.6666667,0,0,T,1,1,T,,0,0,T,0,0,T,0,0,T,,,1 clad,,
"John Dietrich, Kim Komatsu, Sally Koerner, Kevin Wilcox, Rose Terry",John Dietrich,6/28/2021,2021,TB,3,2,50,MLLMM,11,16.07,16.07,T,26.28,26.28,T,10.21,10.21,see col k-Q,FALSE,"1,4",2 (10x50cm),0.1,102.1,1021,0,0,T,1,1,T,,0,0,T,0,0,T,0,0,T,,,1 clad,,
"John Dietrich, Kim Komatsu, Sally Koerner, Kevin Wilcox, Rose Terry",John Dietrich,6/28/2021,2021,TB,3,2,25,MLLMM,12,16.32,16.32,T,25.64,25.64,T,9.32,9.32,see col k-Q,FALSE,"1,5",2 (10x50cm),0.1,93.2,932,0,0,T,0,0,T,,0,0,T,0,0,T,0,0,T,,,,,
"John Dietrich, Kim Komatsu, Sally Koerner, Kevin Wilcox, Rose Terry",John Dietrich,6/28/2021,2021,TB,3,2,50,MMMMM,13,16.03,16.03,T,27.72,27.72,T,11.69,11.69,see col k-Q,FALSE,"1,4",2 (10x50cm),0.1,116.9,1169,1,1,T,0,0,T,,0,0,T,0,0,T,0,0,T,,,,,
"John Dietrich, Kim Komatsu, Sally Koerner, Kevin Wilcox, Rose Terry",John Dietrich,6/28/2021,2021,TB,3,2,75,MMMMM,14,16.28,16.28,T,25.4,25.4,T,9.12,9.12,see col k-Q,FALSE,"1,4",2 (10x50cm),0.1,91.2,912,<1,<1,T,0,0,T,,0,0,T,0,0,T,0,0,T,,,,,
"John Dietrich, Kim Komatsu, Sally Koerner, Kevin Wilcox, Rose Terry",John Dietrich,6/28/2021,2021,TB,3,2,2,MMMMM,15,16.18,16.18,T,30.66,30.66,T,14.48,14.48,see col k-Q,FALSE,"1,4",2 (10x50cm),0.1,144.8,1448,0,0,T,0,0,T,,0,0,T,0,0,T,0,0,T,,,,,
"John Dietrich, Kim Komatsu, Sally Koerner, Kevin Wilcox, Rose Terry",John Dietrich,6/28/2021,2021,TB,3,2,25,MMMMM,16,15.84,15.84,T,31.69,31.69,T,15.85,15.85,see col k-Q,FALSE,"1,4",2 (10x50cm),0.1,158.5,1585,3,3,T,2,2,T,,0,0,T,0,0,T,0,0,T,,,2 clad,,
"John Dietrich, Kim Komatsu, Sally Koerner, Kevin Wilcox, Rose Terry",John Dietrich,6/28/2021,2021,TB,3,2,1,MMMMM,17,16.01,16.01,T,28.74,28.74,T,12.73,12.73,see col k-Q,FALSE,"1,4",2 (10x50cm),0.1,127.3,1273,2,2,T,2,2,T,,0,0,T,0,0,T,0,0,T,,,2 clad,,
"John Dietrich, Kim Komatsu, Sally Koerner, Kevin Wilcox, Rose Terry",John Dietrich,6/28/2021,2021,TB,3,2,99,MMMMM,18,15.96,15.96,T,24.86,24.86,T,8.9,8.9,see col k-Q,FALSE,"1,5",2 (10x50cm),0.1,89,890,0,0,T,0,0,T,,0,0,T,0,0,T,0,0,T,,,,,
"John Dietrich, Kim Komatsu, Sally Koerner, Kevin Wilcox, Rose Terry",John Dietrich,6/28/2021,2021,TB,3,2,50,HHMMM,19,15.97,15.97,T,22.83,22.83,T,6.86,6.86,see col k-Q,FALSE,"1,5",2 (10x50cm),0.1,68.6,686,10,10,T,0,0,T,,0,0,T,0,0,T,0,0,T,,,,,
"John Dietrich, Kim Komatsu, Sally Koerner, Kevin Wilcox, Rose Terry",John Dietrich,6/28/2021,2021,TB,3,2,2,HHMMM,20,16.14,16.14,T,23.76,23.76,T,7.62,7.62,see col k-Q,FALSE,"1,4",2 (10x50cm),0.1,76.2,762,0,0,T,0,0,T,,0,0,T,0,0,T,<1,<1,T,,,,,
"John Dietrich, Kim Komatsu, Sally Koerner, Kevin Wilcox, Rose Terry",John Dietrich,6/28/2021,2021,TB,3,2,99,HHMMM,21,16.09,16.09,T,19.23,19.23,T,3.14,3.14,see col k-Q,FALSE,"1,5",2 (10x50cm),0.1,31.4,314,0,0,T,0,0,T,,0,0,T,0,0,T,0,0,T,,,,,
"John Dietrich, Kim Komatsu, Sally Koerner, Kevin Wilcox, Rose Terry",John Dietrich,6/28/2021,2021,TB,3,2,75,HHMMM,22,15.9,15.9,T,19.29,19.29,T,3.39,3.39,see col k-Q,FALSE,"1,5",2 (10x50cm),0.1,33.9,339,0,0,T,0,0,T,,0,0,T,0,0,T,0,0,T,,,,,
"John Dietrich, Kim Komatsu, Sally Koerner, Kevin Wilcox, Rose Terry",John Dietrich,6/28/2021,2021,TB,3,2,1,HHMMM,23,16.34,16.34,T,25.03,25.03,T,8.69,8.69,see col k-Q,FALSE,"1,5",2 (10x50cm),0.1,86.9,869,0,0,T,0,0,T,,0,0,T,<1,<1,T,1,1,T,,,,,
"John Dietrich, Kim Komatsu, Sally Koerner, Kevin Wilcox, Rose Terry",John Dietrich,6/28/2021,2021,TB,3,2,25,HHMMM,24,15.68,15.68,T,19.27,19.27,T,3.59,3.59,see col k-Q,FALSE,"1,5",2 (10x50cm),0.1,35.9,359,<1,<1,T,0,0,T,,0,0,T,0,0,T,<1,<1,T,,,,,
"John Dietrich, Kim Komatsu, Sally Koerner, Kevin Wilcox, Rose Terry",John Dietrich,6/28/2021,2021,TB,3,2,1,MMMMM,25,15.94,15.94,T,22.14,22.14,T,6.2,6.2,see col k-Q,FALSE,"1,5",2 (10x50cm),0.1,62,620,0,0,T,0,0,T,,0,0,T,0,0,T,0,0,T,,,,,
"John Dietrich, Kim Komatsu, Sally Koerner, Kevin Wilcox, Rose Terry",John Dietrich,6/28/2021,2021,TB,3,2,75,MMMMM,26,15.97,15.97,T,21.36,21.36,T,5.39,5.39,see col k-Q,FALSE,"1,5",2 (10x50cm),0.1,53.9,539,0,0,T,0,0,T,,20,20,T,0,0,T,2,2,T,,,,,
"John Dietrich, Kim Komatsu, Sally Koerner, Kevin Wilcox, Rose Terry",John Dietrich,6/28/2021,2021,TB,3,2,50,MMMMM,27,15.98,15.98,T,25.28,25.28,T,9.3,9.3,see col k-Q,FALSE,"1,4",2 (10x50cm),0.1,93,930,0,0,T,0,0,T,,0,0,T,0,0,T,1,1,T,,,,,
"John Dietrich, Kim Komatsu, Sally Koerner, Kevin Wilcox, Rose Terry",John Dietrich,6/28/2021,2021,TB,3,2,99,MMMMM,28,15.86,15.86,T,23.9,23.9,T,8.04,8.04,see col k-Q,FALSE,"1,4",2 (10x50cm),0.1,80.4,804,0,0,T,0,0,T,,0,0,T,0,0,T,0,0,T,,,,,
"John Dietrich, Kim Komatsu, Sally Koerner, Kevin Wilcox, Rose Terry",John Dietrich,6/28/2021,2021,TB,3,2,2,MMMMM,29,15.74,15.74,T,24.94,24.94,T,9.2,9.2,see col k-Q,FALSE,"1,4",2 (10x50cm),0.1,92,920,0,0,T,0,0,T,,2,2,T,0,0,T,0,0,T,,,,,
"John Dietrich, Kim Komatsu, Sally Koerner, Kevin Wilcox, Rose Terry",John Dietrich,6/28/2021,2021,TB,3,2,25,MMMMM,30,16.11,16.11,T,27.73,27.73,T,11.62,11.62,see col k-Q,FALSE,"1,4",2 (10x50cm),0.1,116.2,1162,0,0,T,0,0,T,,0,0,T,0,0,T,8,8,T,,,,,
"John Dietrich, Kim Komatsu, Sally Koerner, Kevin Wilcox, Rose Terry",John Dietrich,6/28/2021,2021,TB,3,2,99,MLLMM,31,16.02,16.02,T,20.86,20.86,T,4.84,4.84,see col k-Q,FALSE,"1,4",2 (10x50cm),0.1,48.4,484,8,8,T,4,4,T,,0,0,T,0,0,T,0,0,T,,,4 clad,,
"John Dietrich, Kim Komatsu, Sally Koerner, Kevin Wilcox, Rose Terry",John Dietrich,6/28/2021,2021,TB,3,2,25,MLLMM,32,16.1,16.1,T,23.78,23.78,T,7.68,7.68,see col k-Q,FALSE,"1,4",2 (10x50cm),0.1,76.8,768,0,0,T,0,0,T,,0,0,T,4,4,T,7,7,T,,,,,
"John Dietrich, Kim Komatsu, Sally Koerner, Kevin Wilcox, Rose Terry",John Dietrich,6/28/2021,2021,TB,3,2,75,MLLMM,33,15.66,15.66,T,22.13,22.13,T,6.47,6.47,see col k-Q,FALSE,"1,5",2 (10x50cm),0.1,64.7,647,0,0,T,0,0,T,,0,0,T,0,0,T,0,0,T,,,,,
"John Dietrich, Kim Komatsu, Sally Koerner, Kevin Wilcox, Rose Terry",John Dietrich,6/28/2021,2021,TB,3,2,1,MLLMM,34,16.16,16.16,T,23.68,23.68,T,7.52,7.52,see col k-Q,FALSE,"1,4",2 (10x50cm),0.1,75.2,752,0,0,T,0,0,T,,0,0,T,0,0,T,0,0,T,,,,,
"John Dietrich, Kim Komatsu, Sally Koerner, Kevin Wilcox, Rose Terry",John Dietrich,6/28/2021,2021,TB,3,2,50,MLLMM,35,15.82,15.82,T,22.03,22.03,T,6.21,6.21,see col k-Q,FALSE,"1,4",2 (10x50cm),0.1,62.1,621,0,0,T,0,0,T,,0,0,T,0,0,T,0,0,T,,,,,
"John Dietrich, Kim Komatsu, Sally Koerner, Kevin Wilcox, Rose Terry",John Dietrich,6/28/2021,2021,TB,3,2,2,MLLMM,36,16.27,16.27,T,20.76,20.76,T,4.49,4.49,see col k-Q,FALSE,"1,4",2 (10x50cm),0.1,44.9,449,10,10,T,0,0,T,,0,0,T,3,3,T,5,5,T,,,,,
"John Dietrich, Kim Komatsu, Sally Koerner, Kevin Wilcox, Rose Terry",John Dietrich,6/28/2021,2021,TB,3,2,75,MLLMM,37,16.21,16.21,T,21.5,21.5,T,5.29,5.29,see col k-Q,FALSE,"1,4",2 (10x50cm),0.1,52.9,529,0,0,T,0,0,T,,0,0,T,0,0,T,0,0,T,,,,,
"John Dietrich, Kim Komatsu, Sally Koerner, Kevin Wilcox, Rose Terry",John Dietrich,6/28/2021,2021,TB,3,2,25,MLLMM,38,15.82,15.82,T,25.27,25.27,T,9.45,9.45,see col k-Q,FALSE,"1,4",2 (10x50cm),0.1,94.5,945,0,0,T,0,0,T,,0,0,T,0,0,T,0,0,T,,,,,
"John Dietrich, Kim Komatsu, Sally Koerner, Kevin Wilcox, Rose Terry",John Dietrich,6/28/2021,2021,TB,3,2,1,MLLMM,39,16.26,16.26,T,26.26,26.26,T,10,10,see col k-Q,FALSE,"1,4",2 (10x50cm),0.1,100,1000,0,0,T,0,0,T,,0,0,T,9,9,T,0,0,T,,,,,
"John Dietrich, Kim Komatsu, Sally Koerner, Kevin Wilcox, Rose Terry",John Dietrich,6/28/2021,2021,TB,3,2,99,MLLMM,40,16.16,16.16,T,23.27,23.27,T,7.11,7.11,see col k-Q,FALSE,"1,4",2 (10x50cm),0.1,71.1,711,0,0,T,0,0,T,,0,0,T,0,0,T,0,0,T,,,,,
"John Dietrich, Kim Komatsu, Sally Koerner, Kevin Wilcox, Rose Terry",John Dietrich,6/28/2021,2021,TB,3,2,2,MLLMM,41,15.88,15.88,T,27.31,27.31,T,11.43,11.43,see col k-Q,FALSE,"1,4",2 (10x50cm),0.1,114.3,1143,0,0,T,0,0,T,,0,0,T,0,0,T,0,0,T,,,,,
"John Dietrich, Kim Komatsu, Sally Koerner, Kevin Wilcox, Rose Terry",John Dietrich,6/28/2021,2021,TB,3,2,50,MLLMM,42,16.26,16.26,T,25.68,25.68,T,9.42,9.42,see col k-Q,FALSE,"1,4",2 (10x50cm),0.1,94.2,942,0,0,T,0,0,T,,0,0,T,0,0,T,0,0,T,,,,,
"John Dietrich, Kim Komatsu, Sally Koerner, Kevin Wilcox, Rose Terry",John Dietrich,6/28/2021,2021,TB,3,2,1,HHMMM,43,16.06,16.06,T,25.86,25.86,T,9.8,9.8,see col k-Q,FALSE,"2,3",2 (10x50cm),0.1,98,980,4,4,T,2,2,T,,0,0,T,0,0,T,0,0,T,,,2 clad,,
"John Dietrich, Kim Komatsu, Sally Koerner, Kevin Wilcox, Rose Terry",John Dietrich,6/28/2021,2021,TB,3,2,25,HHMMM,44,16.09,16.09,T,28.9,28.9,T,12.81,12.81,see col k-Q,FALSE,"1,4",2 (10x50cm),0.1,128.1,1281,0,0,T,0,0,T,,0,0,T,0,0,T,0,0,T,,,,,
"John Dietrich, Kim Komatsu, Sally Koerner, Kevin Wilcox, Rose Terry",John Dietrich,6/28/2021,2021,TB,3,2,50,HHMMM,45,16.09,16.09,T,25.8,25.8,T,9.71,9.71,see col k-Q,FALSE,"1,4",2 (10x50cm),0.1,97.1,971,0,0,T,0,0,T,,20,20,T,0,0,T,0,0,T,,,ARTR 20% is overhanging,,
"John Dietrich, Kim Komatsu, Sally Koerner, Kevin Wilcox, Rose Terry",John Dietrich,6/28/2021,2021,TB,3,2,75,HHMMM,46,16.51,16.51,T,23.25,23.25,T,6.74,6.74,see col k-Q,FALSE,"1,5",2 (10x50cm),0.1,67.4,674,0,0,T,0,0,T,,0,0,T,0,0,T,0,0,T,,,,,
"John Dietrich, Kim Komatsu, Sally Koerner, Kevin Wilcox, Rose Terry",John Dietrich,6/28/2021,2021,TB,3,2,99,HHMMM,47,16.08,16.08,T,20.84,20.84,T,4.76,4.76,see col k-Q,FALSE,"1,5",2 (10x50cm),0.1,47.6,476,0,0,T,0,0,T,,0,0,T,0,0,T,0,0,T,,,,,
"John Dietrich, Kim Komatsu, Sally Koerner, Kevin Wilcox, Rose Terry",John Dietrich,6/28/2021,2021,TB,3,2,2,HHMMM,48,15.61,15.61,T,21.4,21.4,T,5.79,5.79,see col k-Q,FALSE,"1,4",2 (10x50cm),0.1,57.9,579,0,0,T,0,0,T,,1,1,T,10,10,T,0,0,T,,,,,
"John Dietrich, Kim Komatsu, Sally Koerner, Kevin Wilcox, Rose Terry",John Dietrich,6/28/2021,2021,TB,3,2,50,MMMMM,49,16.3,16.3,T,26.4,26.4,T,10.1,10.1,see col k-Q,FALSE,"1,4",2 (10x50cm),0.1,101,1010,0,0,T,0,0,T,,0,0,T,0,0,T,0,0,T,,,,,
"John Dietrich, Kim Komatsu, Sally Koerner, Kevin Wilcox, Rose Terry",John Dietrich,6/28/2021,2021,TB,3,2,25,MMMMM,50,16.12,16.12,T,24.05,24.05,T,7.93,7.93,see col k-Q,FALSE,"1,4",2 (10x50cm),0.1,79.3,793,0,0,T,0,0,T,,0,0,T,0,0,T,0,0,T,,,,,
"John Dietrich, Kim Komatsu, Sally Koerner, Kevin Wilcox, Rose Terry",John Dietrich,6/28/2021,2021,TB,3,2,99,MMMMM,51,15.72,15.72,T,22.9,22.9,T,7.18,7.18,see col k-Q,FALSE,"4,5",2 (10x50cm),0.1,71.8,718,0,0,T,0,0,T,,0,0,T,0,0,T,0,0,T,,,,,
"John Dietrich, Kim Komatsu, Sally Koerner, Kevin Wilcox, Rose Terry",John Dietrich,6/28/2021,2021,TB,3,2,1,MMMMM,52,15.85,15.85,T,22.73,22.73,T,6.88,6.88,see col k-Q,FALSE,"1,4",2 (10x50cm),0.1,68.8,688,0,0,T,0,0,T,,2,2,T,0,0,T,0,0,T,,,,,
"John Dietrich, Kim Komatsu, Sally Koerner, Kevin Wilcox, Rose Terry",John Dietrich,6/28/2021,2021,TB,3,2,2,MMMMM,53,16.09,16.09,T,23.83,23.83,T,7.74,7.74,see col k-Q,FALSE,"1,5",2 (10x50cm),0.1,77.4,774,0,0,T,0,0,T,,10,10,T,0,0,T,0,0,T,,,,,
"John Dietrich, Kim Komatsu, Sally Koerner, Kevin Wilcox, Rose Terry",John Dietrich,6/28/2021,2021,TB,3,2,75,MMMMM,54,15.91,15.91,T,20.03,20.03,T,4.12,4.12,see col k-Q,FALSE,"1,4,5",2 (10x50cm),0.15,27.46666667,274.6666667,0,0,T,0,0,T,,0,0,T,0,0,T,0,0,T,,,,,
John Dietrich,John Dietrich,7/1/2021,2021,TB,3,2,75,MLLMM,8,16.02,16.02,T,18.16,18.16,T,2.14,2.14,see col k-Q,FALSE,5,10x50cm,0.05,42.8,428,0,0,T,0,0,T,,0,0,T,0,0,T,4,4,T,,,,,
John Dietrich,John Dietrich,7/1/2021,2021,TB,3,2,99,MLLMM,10,15.76,15.76,T,16.72,16.72,T,0.96,0.96,see col k-Q,FALSE,N. 1/2 of 6,10x25cm,0.025,38.4,384,0,0,T,0,0,T,,0,0,T,0,0,T,0,0,T,,,,,
John Dietrich,John Dietrich,7/1/2021,2021,TB,3,2,99,HHMMM,21,16.34,16.34,T,17.33,17.33,T,0.99,0.99,see col k-Q,FALSE,S. 1/2 of 6,10x25cm,0.025,39.6,396,0,0,T,0,0,T,,0,0,T,0,0,T,0,0,T,,,,,
John Dietrich,John Dietrich,7/1/2021,2021,TB,3,2,75,HHMMM,22,16.1,16.1,T,17.7,17.7,T,1.6,1.6,see col k-Q,FALSE,6,10x50cm,0.05,32,320,0,0,T,0,0,T,,0,0,T,0,0,T,0,0,T,,,,,
John Dietrich,John Dietrich,7/1/2021,2021,TB,3,2,25,HHMMM,24,15.69,15.69,T,16.78,16.78,T,1.09,1.09,see col k-Q,FALSE,6,10x50cm,0.05,21.8,218,0,0,T,0,0,T,,0,0,T,0,0,T,12,12,T,,,,,
John Dietrich,John Dietrich,7/1/2021,2021,TB,3,2,99,MLLMM,31,16.05,16.05,T,17.68,17.68,T,1.63,1.63,see col k-Q,FALSE,5,10x50cm,0.05,32.6,326,0,0,T,0,0,T,,0,0,T,0,0,T,0,0,T,,,,,
John Dietrich,John Dietrich,7/1/2021,2021,TB,3,2,2,MLLMM,36,16.28,16.28,T,20.88,20.88,T,4.6,4.6,see col k-Q,FALSE,5,10x50cm,0.05,92,920,0,0,T,0,0,T,,0,0,T,2,2,T,0,0,T,,,,,
John Dietrich,John Dietrich,7/1/2021,2021,TB,3,2,99,HHMMM,47,16.05,16.05,T,16.82,16.82,T,0.77,0.77,see col k-Q,FALSE,S. 1/2 of 6,10x25cm,0.025,30.8,308,0,0,T,0,0,T,,0,0,T,0,0,T,0,0,T,,,,,
John Dietrich,John Dietrich,7/1/2021,2021,TB,3,2,75,MMMMM,54,16.54,16.54,T,17.48,17.48,T,0.94,0.94,see col k-Q,FALSE,S. 1/2 of 6,10x25cm,0.025,37.6,376,0,0,T,0,0,T,,0,0,T,0,0,T,0,0,T,,,,,
